거래금액,아파트,월,일,전용면적,층
6,500,동산백조,11,1,62.74,6
8,000,동산그린타워,11,1,58.7,5
18,800,대진로얄,11,2,82.93,9
9,500,동산그린타워,11,4,58.7,4
17,800,동산그린타워,11,8,84.58,2
13,300,동산그린타워,11,10,59.51,6
13,000,동산그린타워,11,14,59.51,4
18,800,한신,11,14,59.85,10
19,000,한신,11,16,59.85,11
13,800,서린에코빌아파트,11,17,61.935,2
28,000,한신,11,27,84.985,20
35,000,한신,11,29,99.9,14
6,500,동호그린빌라,11,29,50.54,5
17,000,부전타워,11,2,78.83,8
24,850,태영,11,3,84.975,7
18,000,부전타워,11,6,84.505,11
9,500,전원그린맨션B동,11,6,56.86,1
17,500,태영,11,8,59.75,13
20,000,리츠빌리지,11,10,77.1024,3
12,200,문화그린맨션,11,10,59.91,1
17,450,태영,11,12,59.75,7
16,500,태영,11,14,59.75,19
23,000,태영,11,16,84.975,7
22,800,태영,11,23,84.975,3
11,800,가화랜드빌,11,27,52.9649,3
14,000,전원그린맨션A,11,27,84.9,4
17,080,태영,11,29,59.75,6
23,000,서부주공,11,1,59.83,11
17,800,서부주공,11,3,59.92,1
23,200,서부주공,11,12,59.83,15
22,400,서부주공,11,13,59.83,2
14,500,이진테마빌,11,22,59.0604,11
12,700,이진테마빌,11,28,51.2689,17
16,200,에코하임기장,11,3,49.2452,2
26,700,대라주공,11,4,47.1,1
15,500,이진캐스빌,11,6,49.2,6
8,200,수신,11,6,47.18,2
19,700,이진캐스빌,11,6,59.91,8
22,050,센트리움기장,11,8,56.5289,4
27,456,동부산어반리움,11,8,71.95,7
15,500,한평드림빌,11,12,84.78,3
15,100,가화만사성4차,11,13,56.3137,6
16,500,페리A동,11,13,84.2625,6
27,650,센트리움기장,11,15,67.037,12
13,500,모드니하이츠,11,15,50.9627,12
17,400,팰리스빌1,11,21,81.56,4
15,000,이진캐스빌,11,24,49.2,7
10,800,금강궁전,11,24,58.38,12
22,000,대라주공,11,26,39.72,1
19,900,이진캐스빌,11,26,59.91,7
6,800,동국에버리치,11,27,29.38,10
15,600,황중베르빌,11,28,84.28,7
15,000,기장마르빌,11,30,79.71,4
23,500,우신네오빌,11,2,59.9882,21
21,800,청강주공,11,17,39.99,4
38,000,현대,11,21,84.6,4
22,800,청강주공,11,29,39.69,3
13,000,씨앤스타빌,11,30,49.96,6
60,000,동부산관광단지삼정그린코아더베스트,11,28,79.9832,1
58,000,동부산동원로얄듀크,11,30,84.42,12
23,000,가화만사성정관타운,11,3,59.9567,15
24,400,부산정관지구이지더원5차아파트,11,3,68.414,5
27,500,정관가화만사성더테라스1차,11,4,60.1758,2
45,000,정관가화만사성더테라스2차,11,5,84.9623,5
41,000,정관가화만사성더테라스1차,11,5,84.9623,4
27,000,부산정관지구이지더원5차아파트,11,5,70.7431,10
43,450,정관가화만사성더테라스1차,11,6,84.9623,3
26,900,부산정관지구이지더원5차아파트,11,6,68.414,4
26,800,부산정관지구이지더원5차아파트,11,10,68.414,12
35,000,정관가화만사성더테라스2차,11,13,84.9623,3
26,000,부산정관지구이지더원5차아파트,11,15,68.414,2
49,000,정관가화만사성더테라스1차,11,16,84.9623,5
25,000,부산정관지구이지더원5차아파트,11,19,68.414,2
27,000,서희스타힐스,11,19,84.59,2
54,000,정관가화만사성더테라스1차,11,21,84.9623,6
27,000,부산정관지구이지더원5차아파트,11,24,68.414,11
20,700,서희스타힐스,11,26,59.81,5
31,200,정관가화만사성더테라스2차,11,27,60.1758,5
19,000,정관가화만사성더테라스1차,11,30,60.1758,3
44,700,정관2차동원로얄듀크,11,20,84.999,2
34,000,정관1차동원로얄듀크,11,1,79.6526,18
23,900,정관센트럴파크,11,4,59.83,5
37,000,정관1차동원로얄듀크,11,6,79.6089,6
33,000,정관1차동원로얄듀크,11,10,79.6526,19
26,000,정관1차동원로얄듀크,11,10,59.997,18
50,000,두산위브더테라스,11,11,84.994,5
34,000,정관센트럴파크,11,13,84.59,7
31,900,정관센트럴파크,11,14,84.59,12
27,000,정관1차동원로얄듀크,11,16,59.997,6
25,600,정관1차동원로얄듀크,11,22,59.997,16
38,500,정관센트럴파크,11,25,84.41,10
25,500,정관1차동원로얄듀크,11,25,59.997,1
35,500,정관현진에버빌,11,1,84.988,3
68,000,정관현진에버빌,11,2,166.186,8
29,500,동일스위트3차,11,3,75.5781,12
26,300,정관동일스위트2차,11,4,78.5355,15
58,800,정관롯데캐슬2차,11,6,127.2641,7
35,700,정관동일스위트2차,11,6,84.9864,14
23,600,이지더원,11,9,59.8832,16
35,500,정관현진에버빌,11,10,84.981,4
22,800,이지더원,11,11,59.8832,4
23,000,정관동일스위트2차,11,11,59.9856,1
58,500,정관롯데캐슬2차,11,12,127.2641,3
23,500,정관동일스위트2차,11,12,59.9337,5
24,500,정관동일스위트2차,11,13,59.9337,7
23,500,정관동일스위트2차,11,13,59.9337,17
36,000,이지더원,11,13,84.8834,20
30,000,정관동일스위트2차,11,13,84.9864,20
36,000,동일스위트3차,11,13,84.9938,13
24,000,이지더원2차,11,13,59.8935,7
40,500,이지더원3차,11,13,84.97,15
24,000,정관동일스위트2차,11,14,59.9337,12
33,500,이지더원3차,11,15,74.1653,8
33,500,이지더원3차,11,15,74.1653,8
28,500,동일스위트3차,11,15,65.9876,11
30,000,정관동일스위트2차,11,15,84.9803,4
33,950,정관동일스위트2차,11,16,84.9864,1
22,800,정관동일스위트2차,11,16,59.9337,12
55,000,정관현진에버빌,11,17,143.699,13
37,700,이지더원3차,11,17,84.97,1
36,000,정관동일스위트2차,11,17,84.9803,14
35,300,정관동일스위트2차,11,18,84.9803,12
21,500,이지더원,11,18,59.8832,2
43,000,정관현진에버빌,11,19,116.024,10
22,800,이지더원,11,19,59.8832,13
24,400,이지더원2차,11,20,59.8935,2
22,700,정관동일스위트2차,11,20,59.9337,19
23,300,이지더원2차,11,20,59.8935,1
38,900,동일스위트3차,11,21,84.9174,15
43,000,정관현진에버빌,11,22,116.024,1
39,000,동일스위트3차,11,23,100.7622,18
41,000,이지더원2차,11,24,84.9644,13
25,800,이지더원2차,11,27,59.8935,17
30,000,이지더원,11,27,84.7808,10
22,900,정관동일스위트2차,11,27,59.9337,19
28,500,동일스위트3차,11,28,65.9397,6
32,000,정관동일스위트2차,11,30,78.5355,19
24,000,정관양우내안愛,11,1,59.8986,3
55,000,정관신도시계룡리슈빌,11,1,112.6636,18
23,000,정관양우내안愛,11,2,59.9527,13
26,900,정관동일스위트1차,11,2,59.6502,11
12,000,정관양우내안愛,11,2,59.9527,15
47,900,정관신동아파밀리에,11,3,116.69,9
59,000,정관신도시롯데캐슬,11,3,146.81,12
23,450,정관양우내안愛,11,6,59.8986,8
38,900,정관신도시롯데캐슬,11,6,84.85,11
36,500,정관신도시계룡리슈빌,11,6,84.8273,7
42,500,정관동일스위트1차,11,6,84.9923,9
47,000,정관신도시롯데캐슬,11,6,123.35,11
28,400,정관이진캐스빌2차,11,7,59.9268,3
41,500,정관동일스위트1차,11,7,84.9971,3
24,700,정관양우내안愛,11,9,59.8986,14
70,000,정관신도시한진해모로,11,9,135.6199,7
40,000,정관협성르네상스타운,11,11,116.8112,10
28,500,정관이진캐스빌2차,11,13,59.9268,7
43,500,정관신도시롯데캐슬,11,13,123.35,4
28,500,정관이진캐스빌2차,11,13,59.9268,7
48,000,이진캐스빌,11,15,84.9821,1
43,300,정관신도시롯데캐슬,11,17,101.74,10
52,000,정관신도시한진해모로,11,18,109.6398,12
37,600,정관신도시계룡리슈빌,11,19,84.8273,8
27,000,정관동일스위트1차,11,21,59.8302,3
36,000,정관이진캐스빌2차,11,25,84.9026,1
36,000,정관이진캐스빌2차,11,25,84.9026,1
27,500,정관동일스위트1차,11,26,59.6502,9
21,800,정관양우내안愛,11,26,59.9527,2
25,300,정관동일스위트1차,11,27,59.6502,9
38,000,정관이진캐스빌2차,11,29,84.9026,4
50,200,일광한신더휴센트럴포레2단지,11,13,59.8167,6
23,000,선우,11,15,80.79,12
75,000,일광자이푸르지오1단지,11,27,84.9718,16
12,000,정도한스빌,11,1,54.562,8
15,639,가화일광타워,11,2,59.8905,18
18,150,동부산쏠마레,11,8,49.5896,11
15,792,가화일광타워,11,12,59.8654,20
19,900,동부산쏠마레,11,18,49.0658,11
19,650,고촌엘에이치3단지아파트,11,19,67.89,10
21,400,한신,12,18,59.85,20
16,000,선아베스트빌,12,20,81.69,1
14,000,대진로얄,12,22,82.93,4
29,300,한신,12,22,84.985,18
9,200,부전베스트,12,24,78.27,4
9,300,부전베스트,12,27,71.64,2
8,800,부전베스트,12,28,75.12,6
16,100,태영,12,2,59.75,9
20,000,태영,12,3,84.975,1
44,000,이진캐스빌블루1차,12,4,84.9005,9
18,500,문화그린맨션,12,7,84.135,9
21,300,가화만사성,12,7,59.9869,11
11,000,욱일,12,8,59.12,7
8,800,욱일,12,10,59.12,6
12,900,문화그린맨션,12,13,59.91,7
14,000,가화랜드빌,12,14,59.7331,2
38,400,이진캐스빌블루2차,12,14,68.6835,19
22,384,기장유림노르웨이숲,12,18,53.0439,3
23,500,태영,12,18,84.975,14
43,000,이진캐스빌블루2차,12,20,82.0761,6
12,800,부전타워,12,28,59.38,2
20,500,서부주공,12,3,59.92,1
13,900,이진테마빌,12,4,59.0604,16
23,700,서부주공,12,7,59.92,8
15,500,이진테마빌,12,10,56.6304,4
8,800,이진테마빌,12,20,33.6966,7
12,000,이진테마빌,12,21,51.2689,13
13,500,이진테마빌,12,31,59.0604,17
20,500,행복리치빌아파트,12,5,69.7419,8
15,000,동양주택,12,7,111.15,12
7,500,수신,12,16,47.18,5
13,500,가화랜드빌5차,12,16,59.8027,4
11,700,금강궁전,12,17,58.38,5
16,300,에코하임기장,12,19,49.2565,8
33,500,이진캐스빌골드,12,27,84.5689,6
43,000,현대,12,3,84.6,3
29,000,우신네오빌,12,4,84.9888,8
22,600,청강주공,12,6,39.3,2
36,000,현대,12,9,84.6,12
14,000,청강주공,12,16,42.48,3
19,500,비룡벨로스텔라,12,20,65.68,11
30,000,현대,12,21,59.95,10
31,700,청강리더스빌,12,24,81.2138,14
30,000,청강리더스빌,12,25,81.2138,18
37,100,정관가화만사성더테라스1차,12,6,60.1758,5
37,100,정관가화만사성더테라스1차,12,6,60.1758,5
26,500,부산정관지구이지더원5차아파트,12,9,68.414,9
26,400,부산정관지구이지더원5차아파트,12,11,68.414,5
21,000,부산정관지구이지더원5차아파트,12,15,68.414,13
29,700,부산정관지구이지더원5차아파트,12,18,68.414,15
21,000,가화만사성정관타운,12,18,59.9437,2
21,000,가화만사성정관타운,12,18,59.9437,2
17,000,가화만사성정관타운,12,20,59.9437,13
20,500,서희스타힐스,12,20,59.81,1
30,700,서희스타힐스,12,20,84.53,9
41,700,정관가화만사성더테라스1차,12,30,60.1758,6
22,900,서희스타힐스,12,30,59.83,7
28,200,서희스타힐스,12,31,84.53,8
34,000,정관2차동원로얄듀크,12,1,59.997,17
34,700,정관2차동원로얄듀크,12,3,59.997,20
34,700,정관2차동원로얄듀크,12,10,59.997,15
31,000,정관2차동원로얄듀크,12,23,59.997,2
47,000,정관2차동원로얄듀크,12,27,84.999,11
32,900,정관2차동원로얄듀크,12,31,59.997,7
23,000,정관센트럴파크,12,7,59.83,1
25,800,정관1차동원로얄듀크,12,11,59.997,11
35,900,정관1차동원로얄듀크,12,13,79.6526,14
31,000,정관센트럴파크,12,17,84.41,6
25,400,정관1차동원로얄듀크,12,20,59.997,12
35,900,정관1차동원로얄듀크,12,29,79.6526,14
24,600,정관센트럴파크,12,29,59.83,7
23,700,이지더원,12,1,59.8832,14
36,000,동일스위트3차,12,6,100.7622,2
28,500,동일스위트3차,12,9,65.9397,19
29,000,이지더원,12,10,84.7808,15
36,900,이지더원2차,12,10,84.9644,16
26,900,동일스위트3차,12,11,65.9876,3
31,000,정관동일스위트2차,12,11,78.5355,15
36,300,동일스위트3차,12,18,84.9174,9
38,000,이지더원3차,12,18,84.97,2
23,500,이지더원,12,21,59.8832,6
36,000,정관현진에버빌,12,23,84.988,8
31,200,이지더원3차,12,23,65.6536,15
27,000,이지더원3차,12,24,65.6536,3
23,700,정관동일스위트2차,12,24,59.9337,9
41,500,이지더원3차,12,25,84.97,12
35,900,정관동일스위트2차,12,27,84.9864,14
31,000,이지더원,12,27,84.7808,11
34,900,이지더원3차,12,28,74.1653,12
30,000,정관동일스위트2차,12,28,84.9803,7
24,900,정관동일스위트2차,12,29,59.9337,20
33,000,정관동일스위트2차,12,29,84.9864,8
31,500,정관동일스위트2차,12,30,78.5355,2
35,000,정관동일스위트2차,12,30,84.9864,3
26,800,정관동일스위트1차,12,1,59.8245,19
30,150,정관동일스위트1차,12,3,74.258,15
38,500,정관동일스위트1차,12,3,84.8734,10
50,000,정관신도시롯데캐슬,12,3,146.81,1
25,900,정관동일스위트1차,12,4,59.8245,15
22,900,정관양우내안愛,12,7,59.9527,7
42,900,정관이진캐스빌2차,12,9,84.9026,8
42,900,정관이진캐스빌2차,12,9,84.9026,8
24,200,정관양우내안愛,12,11,59.8986,12
23,300,정관양우내안愛,12,14,59.8986,9
23,600,정관양우내안愛,12,15,59.8986,12
25,000,정관양우내안愛,12,17,59.8986,7
61,500,정관신도시한진해모로,12,18,123.4835,9
24,000,정관양우내안愛,12,18,59.9527,3
31,700,정관동일스위트1차,12,20,74.258,16
23,500,정관양우내안愛,12,22,59.8986,1
38,700,정관동일스위트1차,12,23,84.9971,19
34,450,이진캐스빌,12,23,59.8881,6
32,000,이진캐스빌,12,23,59.8881,3
43,000,정관협성르네상스타운,12,28,103.0106,4
46,000,정관신도시계룡리슈빌,12,28,103.41,14
59,700,정관협성르네상스타운,12,29,116.8112,11
36,500,정관이진캐스빌2차,12,29,84.9026,5
42,500,정관신도시롯데캐슬,12,31,101.74,9
30,500,가화일광타워,12,9,59.8654,24
15,792,가화일광타워,12,10,59.8654,30
15,792,가화일광타워,12,10,59.8654,20
15,639,가화일광타워,12,14,59.8905,21
15,792,가화일광타워,12,14,59.8654,11
15,792,가화일광타워,12,15,59.8654,16
15,792,가화일광타워,12,15,59.8654,33
8,000,정도한스빌,12,17,54.562,2
15,639,가화일광타워,12,22,59.8905,23
28,000,가화일광타워,12,28,59.8905,28
27,000,고촌엘에이치3단지아파트,12,30,67.89,5
13,500,부전베스트,1,8,71.64,3
16,700,삼화펠리스힐아파트,1,20,73.8194,9
14,900,대진로얄,1,24,67.92,6
15,700,애경아트빌,1,24,79.925,3
13,500,문화그린맨션,1,10,59.91,5
24,100,경보이리스힐아파트,1,10,69.3133,3
22,800,태영,1,15,84.975,16
17,000,태영,1,18,59.75,3
15,500,태영,1,21,59.75,4
9,700,이진테마빌,1,1,51.2689,1
10,150,이진테마빌,1,10,48.598,1
19,500,노이하우스3차,1,10,84.92,2
14,450,이진테마빌,1,13,59.0604,20
22,000,서부주공,1,24,59.92,8
13,300,이진테마빌,1,25,48.598,11
19,000,대라주공,1,4,39.72,3
15,500,이진캐스빌,1,4,49.2,9
30,000,이진캐스빌골드,1,7,84.5689,16
20,200,이진캐스빌,1,8,59.91,18
15,400,동국에버리치,1,15,63.38,10
14,800,가화랜드빌5차,1,20,59.8027,5
14,800,가화랜드빌5차,1,20,59.8027,5
16,000,대라주공,1,24,39.72,5
20,000,이진캐스빌,1,24,59.91,5
16,300,대라주공,1,24,39.72,2
27,650,센트리움기장,1,25,67.037,11
20,000,이진캐스빌,1,26,59.91,3
20,100,이진캐스빌,1,29,59.91,16
28,500,우신네오빌,1,3,84.9888,9
29,000,우신네오빌,1,3,84.9888,16
26,500,우신네오빌,1,5,84.9888,3
13,000,씨앤스타빌,1,17,49.96,12
22,700,청강주공,1,17,39.69,3
17,000,청강주공,1,21,39.3,5
27,500,우신네오빌,1,21,84.9888,11
40,200,현대,1,27,84.6,1
43,500,현대,1,28,84.6,13
62,500,동부산관광단지삼정그린코아더베스트,1,7,84.9887,1
60,000,동부산관광단지삼정그린코아더베스트,1,9,79.9755,8
45,800,정관가화만사성더테라스1차,1,1,84.9623,4
21,900,가화만사성정관타운,1,5,84.7768,2
26,700,부산정관지구이지더원5차아파트,1,10,68.414,5
26,800,부산정관지구이지더원5차아파트,1,11,68.414,12
26,500,부산정관지구이지더원5차아파트,1,12,68.414,8
32,000,정관가화만사성더테라스1차,1,15,60.1758,4
27,000,부산정관지구이지더원5차아파트,1,21,68.414,7
26,200,부산정관지구이지더원5차아파트,1,27,70.7431,2
31,000,정관가화만사성더테라스1차,1,28,60.1758,2
12,800,두리아,1,29,77.24,2
36,000,정관2차동원로얄듀크,1,4,59.997,19
26,000,정관1차동원로얄듀크,1,13,59.997,11
26,000,정관1차동원로얄듀크,1,15,59.997,13
32,800,정관센트럴파크,1,19,84.93,15
12,000,재흥,1,20,46.895,5
10,750,대우아파트,1,21,49.86,5
24,500,정관센트럴파크,1,21,59.81,12
35,000,두산위브더테라스,1,26,84.974,1
22,000,이지더원,1,3,59.8832,1
32,000,정관동일스위트2차,1,4,84.9803,18
41,000,이지더원3차,1,6,84.97,15
32,000,정관동일스위트2차,1,6,84.9864,13
35,800,정관동일스위트2차,1,7,84.9864,18
24,700,정관동일스위트2차,1,7,59.9337,5
29,750,이지더원,1,8,84.7808,7
23,500,정관동일스위트2차,1,8,59.9856,20
31,700,이지더원,1,11,84.7808,11
34,500,정관현진에버빌,1,11,84.988,12
25,500,정관동일스위트2차,1,13,59.9337,14
25,650,이지더원2차,1,14,59.8935,4
30,400,이지더원,1,14,84.7808,12
28,100,동일스위트3차,1,14,65.9876,16
24,800,정관동일스위트2차,1,15,59.9337,13
27,800,동일스위트3차,1,19,65.9876,13
32,500,이지더원2차,1,22,84.9644,8
27,000,정관동일스위트2차,1,24,59.9337,17
41,700,이지더원3차,1,25,84.97,18
40,000,동일스위트3차,1,26,100.7622,15
60,000,정관협성르네상스타운,1,6,126.2039,5
42,000,정관신도시롯데캐슬,1,7,101.74,13
38,000,정관이진캐스빌2차,1,7,84.9026,7
24,050,정관양우내안愛,1,7,59.9527,12
24,500,정관양우내안愛,1,8,59.8986,5
49,200,정관신동아파밀리에,1,8,138.22,3
38,200,정관동일스위트1차,1,8,84.8734,11
28,200,정관동일스위트1차,1,8,59.8302,10
34,500,이진캐스빌,1,10,59.8881,10
24,300,정관양우내안愛,1,12,59.8986,3
32,000,이진캐스빌,1,14,59.8881,8
49,300,정관신도시계룡리슈빌,1,21,103.41,9
32,800,이진캐스빌,1,22,59.8881,4
35,800,정관신도시롯데캐슬,1,22,84.9,6
23,500,정관양우내안愛,1,24,59.8986,2
23,500,정관양우내안愛,1,24,59.8986,2
52,000,정관신동아파밀리에,1,26,140.11,7
43,500,정관신도시롯데캐슬,1,27,101.74,12
85,000,일광자이푸르지오2단지,1,4,84.9677,24
12,500,노블비치,1,6,22.98,3
59,800,e편한세상일광,1,10,74.9791,4
70,000,e편한세상일광,1,27,84.9868,3
59,500,일광자이푸르지오2단지,1,27,63.8976,6
59,500,일광자이푸르지오2단지,1,27,63.8976,6
75,000,일광자이푸르지오2단지,1,29,84.9677,8
15,792,가화일광타워,1,4,59.8654,12
35,000,가화일광타워,1,12,59.8654,21
15,639,가화일광타워,1,17,59.8905,22
17,700,동부산쏠마레,1,18,49.5896,6
13,500,정도한스빌,1,19,54.562,14
11,000,정도한스빌,1,21,54.562,3
17,000,동부산쏠마레,1,27,49.0658,1
28,500,한신,2,8,84.985,7
29,000,한신,2,8,84.985,4
15,000,서린에코빌아파트,2,10,61.935,6
18,000,이진스카이빌,2,11,59.97,5
11,500,동산그린타워,2,14,58.7,4
19,000,동산그린타워,2,19,83.48,4
14,800,더포인트,2,25,47.0543,8
16,000,부전베스트,2,25,84.75,3
21,900,성신목화,2,5,106.5,11
23,900,리츠빌리지,2,6,84.7444,4
65,000,이진캐스빌블루1차,2,7,115.6401,23
13,000,부전타워,2,8,55.26,15
17,800,문화그린맨션,2,8,84.135,5
16,700,태영,2,8,59.75,8
11,650,가화랜드빌,2,10,52.9649,3
16,200,가화만사성,2,14,53.4307,6
17,000,부전타워,2,17,78.83,12
43,000,이진캐스빌블루1차,2,19,84.9005,7
45,000,이진캐스빌블루1차,2,20,84.922,19
20,000,부전타워,2,21,83.36,14
17,950,태영,2,22,59.75,11
44,500,이진캐스빌블루1차,2,25,84.9005,6
12,300,문화그린맨션,2,26,59.91,12
22,000,서부주공,2,11,59.83,7
20,700,서부주공,2,11,59.92,1
7,800,이진테마빌,2,12,33.6966,3
13,500,이진테마빌,2,14,48.598,8
13,500,이진테마빌,2,14,48.598,8
20,700,서부주공,2,20,59.92,2
16,800,서부주공,2,25,46.2,1
24,900,담덕기장센텀,2,3,72.74,8
24,500,씨엘늘채움,2,3,78.0341,12
15,500,기장마르빌,2,4,69.97,5
23,700,동부산렉슬,2,9,81.65,6
21,500,행복리치빌아파트,2,13,72.2026,4
15,600,이진캐스빌,2,13,49.2,17
13,500,담덕기장센텀,2,14,48.54,9
8,500,수신,2,14,47.18,4
10,000,동우그린빌라가동,2,14,74.345,2
6,500,대라하이츠,2,15,56.7,3
16,700,동양주택,2,17,116.37,8
17,000,에코하임기장,2,19,49.8565,10
8,000,금강로즈맨션,2,21,84.96,6
19,500,이진캐스빌,2,24,59.91,16
5,800,금강로즈,2,25,80.3,6
19,800,이진캐스빌,2,25,59.91,14
33,000,이진캐스빌골드,2,28,84.5689,2
12,000,덕주빌라,2,8,84.69,3
12,000,대동레미안센트럴시티,2,11,45.27,2
21,500,청강주공,2,19,39.3,1
18,100,비룡벨로스텔라,2,19,62.55,8
22,000,청강주공,2,26,39.3,4
21,000,경보그랜드비치,2,14,59.9295,2
36,000,경보그랜드비치,2,17,84.7205,12
26,500,경보그랜드비치,2,17,59.9295,8
36,500,경보그랜드비치,2,27,84.7205,10
29,700,정관가화만사성더테라스1차,2,5,60.1758,3
30,000,정관가화만사성더테라스1차,2,8,60.1758,3
21,000,서희스타힐스,2,9,59.83,13
21,000,서희스타힐스,2,9,59.95,5
30,000,정관가화만사성더테라스2차,2,11,60.1758,4
35,500,정관가화만사성더테라스2차,2,11,60.1758,2
26,650,부산정관지구이지더원5차아파트,2,16,68.414,14
27,000,부산정관지구이지더원5차아파트,2,23,68.414,5
27,000,부산정관지구이지더원5차아파트,2,26,68.414,6
44,000,정관가화만사성더테라스2차,2,26,60.1758,6
17,000,가화만사성정관타운,2,28,59.9193,4
34,400,정관2차동원로얄듀크,2,19,59.997,17
17,000,형진강변프라자,2,20,59.86,2
33,500,정관2차동원로얄듀크,2,22,59.997,15
50,500,두산위브더테라스,2,8,84.821,5
8,200,재흥,2,8,46.895,1
33,500,정관센트럴파크,2,12,84.59,9
40,000,두산위브더테라스,2,12,84.868,3
26,600,정관1차동원로얄듀크,2,14,59.997,12
35,200,정관1차동원로얄듀크,2,16,79.6526,6
23,500,정관센트럴파크,2,17,59.83,3
9,000,재흥,2,17,46.895,1
25,000,정관센트럴파크,2,17,59.81,6
24,000,정관1차동원로얄듀크,2,18,59.997,12
26,100,정관1차동원로얄듀크,2,19,59.997,8
36,000,정관현진에버빌,2,10,84.981,4
24,500,이지더원,2,11,59.8832,20
34,000,정관동일스위트2차,2,11,84.9882,12
29,700,이지더원,2,12,84.7808,3
22,900,이지더원2차,2,12,59.9984,2
23,400,정관동일스위트2차,2,14,59.9856,17
34,000,이지더원3차,2,15,74.1653,7
35,900,정관동일스위트2차,2,17,84.9803,17
23,800,이지더원,2,18,59.8832,11
28,000,이지더원,2,19,84.8834,3
40,000,이지더원3차,2,22,84.97,8
50,000,정관현진에버빌,2,22,132.248,1
33,500,정관동일스위트2차,2,22,84.9864,20
31,500,이지더원,2,24,84.8834,19
30,033,이지더원,2,25,84.8834,10
22,600,이지더원,2,26,59.8832,8
29,000,이지더원3차,2,28,65.6536,12
41,700,이지더원3차,2,28,84.97,16
24,800,정관동일스위트1차,2,3,59.6502,4
35,000,이진캐스빌,2,13,59.8881,9
23,500,정관양우내안愛,2,16,59.9527,5
55,600,정관신도시롯데캐슬,2,22,122.42,8
44,500,정관신동아파밀리에,2,23,107.83,1
23,400,정관양우내안愛,2,24,59.8986,5
24,000,정관양우내안愛,2,25,59.8986,14
24,500,정관양우내안愛,2,28,59.9527,4
72,800,e편한세상일광,2,12,84.9868,22
29,500,해찬솔,2,14,76.57,8
15,000,세진오션리조트빌,2,21,84.445,4
12,000,정도한스빌,2,24,54.562,4
16,500,남경캐슬,3,2,84.635,2
12,500,부전베스트,3,7,84.75,3
22,300,한신,3,8,59.85,10
9,700,동보빌라,3,8,84.77,5
15,000,동산백조,3,9,71.61,2
13,700,동산백조,3,12,71.61,1
11,200,동보빌라,3,15,84.77,5
15,000,서린에코빌아파트,3,18,62.595,3
20,100,한신,3,18,59.85,14
28,400,한신,3,19,84.985,7
19,900,한신,3,23,59.85,22
18,600,한신,3,23,59.85,3
19,400,한신,3,25,59.85,23
19,100,대진로얄,3,30,82.93,5
34,000,부산기장포스코더샵,3,31,84.9056,19
16,400,태영,3,3,59.75,15
17,200,태영,3,4,59.75,18
33,000,이진캐스빌블루2차,3,4,68.6835,2
25,000,태영,3,4,84.975,10
17,400,태영,3,5,59.75,14
17,400,태영,3,5,59.75,14
16,500,태영,3,5,59.75,3
19,800,가화만사성,3,7,59.9869,12
16,700,태영,3,10,59.75,5
13,250,문화그린맨션,3,17,59.91,11
9,500,욱일,3,18,68.03,4
12,450,부전타워,3,23,59.38,4
12,800,문화그린맨션,3,23,59.91,9
46,800,이진캐스빌블루1차,3,24,84.9005,15
16,800,가화만사성,3,24,53.4307,6
17,650,부전타워,3,26,83.36,1
26,000,태영,3,28,84.975,13
14,000,부전타워,3,29,59.38,7
25,500,태영,3,30,84.975,20
11,900,이진테마빌,3,3,51.2689,2
22,800,서부주공,3,4,59.92,10
22,800,서부주공,3,4,59.92,10
17,800,서부주공,3,7,46.2,5
12,000,이진테마빌,3,7,59.0604,1
14,800,이진테마빌,3,12,59.0604,20
11,500,이진테마빌,3,19,51.2689,19
21,500,서부주공,3,22,59.92,11
14,000,이진테마빌,3,23,59.0604,7
21,500,서부주공,3,30,59.83,4
23,000,서부주공,3,31,59.92,11
14,000,이진테마빌,3,31,59.0604,10
32,000,이진캐스빌골드,3,1,84.5689,4
16,500,테마파크빌3차,3,2,84.05,5
26,500,에이원더시티,3,2,70.4539,4
18,300,이진캐스빌,3,3,59.91,10
23,500,월가아델리스,3,5,67.0754,7
23,500,월가아델리스,3,5,67.0754,7
21,000,이진캐스빌,3,5,59.91,17
22,500,에스디빌라트,3,7,58.5413,7
18,500,삼협아띠랑스,3,8,59.695,10
32,500,이진캐스빌골드,3,16,84.5689,10
19,000,이진캐스빌,3,19,59.91,10
19,500,에이원더시티,3,19,49.0978,6
8,300,금강궁전,3,21,47.07,8
15,400,동국에버리치,3,23,63.38,7
16,300,대라주공,3,23,39.72,2
24,300,월가아델리스,3,23,69.8359,14
16,500,대라주공,3,26,39.72,4
21,500,씨엘늘채움,3,28,78.0341,6
13,000,대동레미안센트럴시티,3,7,46.48,9
22,000,청강주공,3,10,39.69,4
13,200,씨앤스타빌,3,15,49.96,8
18,700,비룡벨로스텔라,3,21,62.55,11
12,700,씨앤스타빌,3,21,49.96,10
22,500,청강주공,3,22,39.3,2
12,900,씨앤스타빌,3,25,49.96,12
10,000,씨앤스타빌,3,25,49.96,8
31,000,경보그랜드비치,3,3,59.9295,18
71,500,동부산관광단지삼정그린코아더베스트,3,9,84.9887,11
31,700,정관가화만사성더테라스2차,3,5,60.1758,3
43,000,정관가화만사성더테라스2차,3,7,60.1758,6
30,000,정관가화만사성더테라스1차,3,12,60.1758,2
29,800,서희스타힐스,3,15,84.73,10
21,800,가화만사성정관타운,3,19,59.9437,11
29,000,부산정관지구이지더원5차아파트,3,19,68.414,11
28,500,서희스타힐스,3,20,84.59,15
28,500,서희스타힐스,3,21,84.53,4
26,900,부산정관지구이지더원5차아파트,3,25,68.414,11
58,300,정관가화만사성더테라스1차,3,29,84.9623,6
44,174,정관가화만사성더테라스2차,3,29,142.6275,1
16,500,형진강변프라자,3,10,59.86,15
47,000,정관2차동원로얄듀크,3,26,84.999,12
39,000,두산위브더테라스,3,5,84.994,2
25,500,정관1차동원로얄듀크,3,9,59.997,19
26,600,정관1차동원로얄듀크,3,14,59.997,12
32,800,두산위브더테라스,3,14,84.974,1
32,000,두산위브더테라스,3,15,84.974,1
8,600,성림,3,19,48.28,1
27,000,정관1차동원로얄듀크,3,22,59.997,6
26,500,정관1차동원로얄듀크,3,28,59.997,19
26,900,정관1차동원로얄듀크,3,28,59.997,7
8,000,재흥,3,29,46.895,3
33,500,정관센트럴파크,3,30,84.59,4
25,700,정관센트럴파크,3,31,59.83,8
50,500,정관현진에버빌,3,1,132.248,8
35,000,정관동일스위트2차,3,1,84.9882,7
25,500,정관동일스위트2차,3,3,59.9337,13
25,200,동일스위트3차,3,5,65.9876,8
26,000,이지더원2차,3,8,59.9984,16
30,500,이지더원,3,9,84.7808,16
27,000,동일스위트3차,3,9,65.9876,17
33,500,정관동일스위트2차,3,10,84.9882,17
23,000,정관동일스위트2차,3,12,59.9337,3
32,700,이지더원,3,12,84.7808,14
22,500,이지더원,3,12,59.8832,3
30,000,동일스위트3차,3,14,75.5781,11
30,700,정관동일스위트2차,3,18,84.9864,2
43,000,정관현진에버빌,3,19,116.024,5
24,850,이지더원2차,3,19,59.8935,6
39,500,이지더원3차,3,19,84.97,17
25,500,동일스위트3차,3,21,65.9876,2
29,800,동일스위트3차,3,22,75.5781,8
23,900,정관동일스위트2차,3,25,59.9856,18
38,000,이지더원2차,3,25,84.9644,8
32,000,이지더원,3,25,84.7808,10
22,750,이지더원,3,26,59.8832,11
29,900,이지더원3차,3,27,65.6536,10
50,200,정관현진에버빌,3,30,132.248,10
41,500,이지더원3차,3,31,84.97,14
32,500,정관동일스위트2차,3,31,84.9864,8
24,500,정관동일스위트2차,3,31,59.9337,7
23,500,정관양우내안愛,3,2,59.9983,14
26,500,정관동일스위트1차,3,2,59.8245,18
50,000,이진캐스빌,3,3,84.9821,11
33,300,정관신도시계룡리슈빌,3,5,84.836,1
25,300,정관동일스위트1차,3,5,59.6502,3
39,500,정관이진캐스빌2차,3,7,84.9026,8
24,500,정관양우내안愛,3,10,59.8986,9
49,000,정관협성르네상스타운,3,12,101.316,7
40,600,정관신도시롯데캐슬,3,12,101.74,6
23,800,정관양우내안愛,3,12,59.8986,6
29,500,정관이진캐스빌2차,3,12,59.9268,5
24,800,정관양우내안愛,3,12,59.9527,7
35,900,이진캐스빌,3,15,59.8881,14
24,300,정관양우내안愛,3,15,59.8986,10
39,000,정관신도시계룡리슈빌,3,19,84.8273,11
27,500,정관동일스위트1차,3,29,59.8245,15
47,800,이지더원1차오션포레,3,3,59.6231,14
74,500,e편한세상일광,3,16,84.9868,20
69,500,일광자이푸르지오2단지,3,17,84.9062,19
70,000,일광자이푸르지오2단지,3,18,84.9718,2
70,000,일광자이푸르지오2단지,3,18,84.9718,2
18,800,동부산쏠마레,3,8,49.0658,5
18,900,동부산쏠마레,3,14,49.0658,6
18,000,동부산쏠마레,3,14,49.5896,5
34,500,가화일광타워,3,18,59.8905,14
15,000,리츠빌,4,6,84.94,1
18,500,선아베스트빌,4,6,81.69,4
25,500,한신,4,10,84.985,6
11,000,동보빌라,4,13,84.77,5
20,100,이진스카이빌,4,14,59.97,10
18,000,이진스카이빌,4,14,59.97,5
27,300,센텀스위트홈,4,17,103.545,7
36,500,부산기장포스코더샵,4,25,84.9056,10
13,300,동산그린타워,4,27,59.51,4
11,000,동보빌라,4,28,84.77,5
13,900,부전타워,4,5,59.38,9
49,700,이진캐스빌블루1차,4,8,84.9753,23
17,200,가화만사성,4,11,53.4307,10
14,000,부전타워,4,11,59.38,8
17,350,태영,4,14,59.75,2
12,300,부전타워,4,19,59.38,1
15,500,가화만사성,4,20,53.4307,3
43,300,이진캐스빌블루1차,4,25,84.9005,4
12,000,전원그린맨션B동,4,26,59.64,9
17,600,문화그린맨션,4,27,84.135,5
47,500,이진캐스빌블루1차,4,27,84.9753,9
14,000,부전타워,4,28,59.38,1
12,650,가화랜드빌,4,28,52.9649,9
16,050,부전타워,4,30,78.83,2
15,500,이진테마빌,4,4,59.0604,15
23,500,서부주공,4,6,59.92,11
22,000,서부주공,4,9,59.83,7
24,500,서부주공,4,12,59.92,5
8,200,이진테마빌,4,12,33.6966,7
23,700,서부주공,4,16,59.83,8
24,200,서부주공,4,18,59.92,9
13,600,서부주공,4,19,46.2,6
15,200,이진테마빌,4,19,59.0604,16
14,500,이진테마빌,4,28,59.0604,13
8,200,이진테마빌,4,29,33.6966,3
14,500,이진테마빌,4,30,59.0604,13
25,866,동부산어반리움,4,1,71.38,2
15,800,대라주공,4,1,39.72,2
26,000,가화만사성4차,4,1,83.9523,8
12,400,가화랜드빌기장1차,4,4,59.9416,4
10,500,금강궁전,4,6,47.07,8
15,700,에코하임기장,4,6,49.7918,8
19,000,이진캐스빌,4,6,59.91,7
8,730,수신,4,7,59.86,4
12,000,스카이아트빌,4,7,84.78,6
15,000,페리B동,4,11,84.2625,4
26,450,이진캐스빌,4,11,79.63,19
26,000,이진캐스빌,4,15,79.63,20
27,700,동부산어반리움,4,16,71.38,13
22,700,씨엘늘채움,4,18,84.8274,3
22,700,씨엘늘채움,4,18,84.8274,3
19,000,대라주공,4,18,39.72,3
22,700,씨엘늘채움,4,18,84.8274,3
19,700,에이원더시티,4,20,49.0978,9
16,000,동환라온제나기장,4,21,75.25,4
16,150,에코하임기장,4,23,49.8565,5
19,500,이진캐스빌,4,23,59.91,7
17,700,삼협아띠랑스,4,24,59.695,12
14,450,이진캐스빌,4,30,49.2,1
31,700,현대,4,4,59.95,9
28,000,우신네오빌,4,6,84.9888,8
41,800,현대,4,15,84.6,2
45,000,현대,4,23,84.6,11
26,000,우신네오빌,4,30,84.9888,1
32,800,경보그랜드비치,4,9,71.1388,5
61,000,동부산관광단지삼정그린코아더베스트,4,9,84.9887,3
22,200,서희스타힐스,4,2,59.81,7
30,000,부산정관지구이지더원5차아파트,4,5,68.414,6
27,900,서희스타힐스,4,6,84.53,6
27,400,부산정관지구이지더원5차아파트,4,8,68.414,14
40,700,정관가화만사성더테라스1차,4,20,106.0011,1
26,500,부산정관지구이지더원5차아파트,4,21,68.414,7
34,000,정관가화만사성더테라스2차,4,22,106.0011,1
32,000,가화만사성정관타운,4,27,84.7768,3
22,000,가화만사성정관타운,4,28,59.9567,3
33,650,정관2차동원로얄듀크,4,6,59.997,11
33,500,정관2차동원로얄듀크,4,9,59.997,3
45,000,정관2차동원로얄듀크,4,15,84.999,9
20,000,형진강변프라자,4,27,82.52,10
45,000,정관2차동원로얄듀크,4,28,84.999,18
11,400,대우아파트,4,5,49.86,3
35,000,정관센트럴파크,4,5,84.59,12
24,500,정관1차동원로얄듀크,4,8,59.997,4
9,300,재흥,4,8,46.895,4
24,500,정관1차동원로얄듀크,4,8,59.997,4
26,700,정관1차동원로얄듀크,4,9,59.997,8
33,500,정관센트럴파크,4,11,84.59,4
34,700,정관1차동원로얄듀크,4,14,79.6526,18
12,000,대우아파트,4,18,49.86,1
9,500,재흥,4,20,46.895,1
38,800,정관1차동원로얄듀크,4,21,79.6089,10
9,500,재흥,4,23,49.4,3
27,500,동일스위트3차,4,1,65.9876,20
27,000,이지더원2차,4,2,59.8935,20
23,000,정관동일스위트2차,4,3,59.9337,11
26,000,정관동일스위트2차,4,5,59.9337,17
36,400,정관현진에버빌,4,6,84.988,5
24,500,정관동일스위트2차,4,6,59.9337,5
36,000,정관현진에버빌,4,7,84.981,6
23,300,이지더원,4,8,59.8832,10
37,300,정관현진에버빌,4,8,84.981,10
24,500,정관동일스위트2차,4,9,59.9337,20
33,600,이지더원3차,4,10,74.1653,15
36,500,정관동일스위트2차,4,11,84.9864,13
50,000,정관롯데캐슬2차,4,11,101.8124,20
28,000,동일스위트3차,4,11,65.9876,4
50,000,정관롯데캐슬2차,4,13,101.5883,7
34,200,이지더원,4,14,84.7808,16
44,700,정관현진에버빌,4,14,116.024,9
22,000,정관동일스위트2차,4,16,59.9337,18
55,500,정관롯데캐슬2차,4,17,127.2641,1
30,300,이지더원,4,18,84.7808,1
32,500,이지더원,4,19,84.7808,14
23,800,이지더원,4,19,59.8832,7
30,500,이지더원,4,19,84.7808,12
37,200,정관현진에버빌,4,19,84.981,2
31,000,이지더원,4,20,84.7808,15
24,000,이지더원,4,21,59.8832,15
34,500,이지더원3차,4,21,74.1653,18
32,500,이지더원,4,22,84.7808,8
54,000,정관현진에버빌,4,22,132.248,13
42,000,동일스위트3차,4,22,100.2336,8
24,500,정관동일스위트2차,4,23,59.9337,7
28,500,이지더원2차,4,24,59.9984,20
28,000,정관동일스위트2차,4,26,78.5355,13
30,300,동일스위트3차,4,26,75.5781,19
26,500,동일스위트3차,4,30,65.9876,7
23,400,이지더원,4,30,59.8832,13
24,500,정관양우내안愛,4,1,59.8986,5
27,700,정관동일스위트1차,4,6,59.8245,11
36,000,정관동일스위트1차,4,7,84.8734,2
48,700,정관협성르네상스타운,4,8,103.0106,9
25,000,정관양우내안愛,4,8,59.8986,13
30,000,정관동일스위트1차,4,9,74.258,17
25,000,정관양우내안愛,4,10,59.8986,8
25,800,정관동일스위트1차,4,10,59.6502,3
26,800,정관동일스위트1차,4,12,59.6502,15
65,000,정관신도시계룡리슈빌,4,15,131.9791,11
24,100,정관양우내안愛,4,15,59.8986,15
36,000,정관동일스위트1차,4,16,84.9899,1
36,500,정관신동아파밀리에,4,16,116.69,14
54,000,정관협성르네상스타운,4,18,116.8112,1
58,500,정관신도시한진해모로,4,21,123.4835,10
24,600,정관양우내안愛,4,21,59.8986,5
52,000,정관신동아파밀리에,4,22,107.83,15
28,000,정관동일스위트1차,4,23,59.8302,14
27,000,정관동일스위트1차,4,24,59.8302,6
28,200,정관동일스위트1차,4,26,59.8302,7
49,500,이진캐스빌,4,26,84.9821,10
25,500,정관양우내안愛,4,27,59.8986,12
35,000,정관신도시롯데캐슬,4,27,84.85,4
65,000,정관신도시한진해모로,4,27,135.6199,10
24,000,정관양우내안愛,4,28,59.9983,3
40,000,일광대성베르힐,4,8,84.5535,17
56,500,일광한신더휴센트럴포레2단지,4,8,75.9504,5
25,500,선우,4,12,80.79,13
67,000,일광한신더휴센트럴포레2단지,4,15,84.9371,18
58,500,일광대성베르힐,4,15,84.3874,7
49,500,이지더원1차오션포레,4,19,59.6231,20
50,000,일광자이푸르지오2단지,4,20,84.9718,7
16,700,선우,4,24,68.75,1
43,300,일광한신더휴센트럴포레2단지,4,26,59.8167,2
22,900,해맞이빌,4,29,72.12,7
34,700,가화일광타워,4,2,59.8654,19
15,792,가화일광타워,4,8,59.8654,17
10,600,정도한스빌,4,12,54.562,9
35,300,가화일광타워,4,22,59.8654,33
11,000,정도한스빌,4,22,54.562,3
10,600,정도한스빌,4,27,54.858,8
38,500,고촌센트럴아파트,4,1,84.95,3
28,000,고촌엘에이치3단지아파트,4,17,67.89,9
39,500,고촌센트럴아파트,4,19,84.97,15
10,000,동호그린빌라,5,2,74.14,1
10,400,동산그린타워,5,10,58.7,3
10,400,동산그린타워,5,10,58.7,3
20,200,한신,5,10,59.85,7
27,750,한신,5,11,84.985,19
7,900,동호그린빌라,5,16,64.065,3
13,200,부전베스트,5,21,75.12,4
18,400,이진스카이빌,5,21,59.97,2
20,800,한신,5,24,59.85,15
8,750,동산백조,5,30,71.61,6
17,300,태영,5,2,59.75,3
8,900,욱일,5,2,59.12,5
10,500,전원그린맨션B동,5,4,58.12,1
9,900,전원그린맨션B동,5,5,59.64,4
46,000,이진캐스빌블루1차,5,12,84.9005,22
21,600,가화만사성,5,14,59.9869,16
37,000,이진캐스빌블루2차,5,14,68.6835,4
18,900,문화그린맨션,5,16,84.135,9
19,900,문화그린맨션,5,24,84.135,8
24,900,서부주공,5,1,59.92,5
11,400,이진테마빌,5,16,48.598,3
8,300,이진테마빌,5,24,33.6966,12
8,100,이진테마빌,5,24,33.6966,14
14,300,이진테마빌,5,24,59.0604,16
14,400,이진테마빌,5,25,59.0604,16
14,400,이진테마빌,5,25,59.0604,16
7,900,이진테마빌,5,26,33.6966,4
14,300,이진테마빌,5,31,59.0604,14
15,400,동국에버리치,5,2,63.38,7
19,800,이진캐스빌,5,2,59.91,12
12,600,담덕기장센텀,5,4,48.54,4
18,000,모드니하이츠,5,6,62.4008,13
23,400,씨엘늘채움,5,10,84.8274,6
26,500,이진캐스빌,5,10,79.63,10
20,100,이진캐스빌,5,14,59.91,14
26,500,월가아델리스,5,20,74.4166,6
24,500,담덕기장센텀,5,21,72.74,11
20,100,이진캐스빌,5,21,59.91,12
13,500,베로나,5,24,49.997,4
10,000,에이원더시티,5,25,25.1935,13
22,300,씨엘늘채움,5,26,78.0341,7
23,000,에스디빌라트,5,27,58.5413,8
17,000,에코하임기장,5,28,49.8565,9
34,700,우신네오빌,5,1,130.04,2
39,250,우신네오빌,5,3,130.04,22
38,000,현대,5,5,84.6,5
12,400,씨앤스타빌,5,11,49.96,10
21,500,청강주공,5,18,32.76,1
27,900,현대,5,18,59.95,15
38,500,경보그랜드비치,5,10,84.7205,7
45,000,동부산관광단지삼정그린코아더베스트,5,27,79.9827,6
45,000,정관가화만사성더테라스2차,5,2,142.6275,1
26,300,부산정관지구이지더원5차아파트,5,7,68.414,2
24,700,부산정관지구이지더원5차아파트,5,10,68.414,3
41,000,정관가화만사성더테라스1차,5,11,84.9623,2
30,000,부산정관지구이지더원5차아파트,5,12,68.414,6
21,000,가화만사성정관타운,5,14,59.9193,2
21,000,서희스타힐스,5,16,59.81,10
28,000,정관가화만사성더테라스1차,5,19,60.1758,2
36,000,정관가화만사성더테라스2차,5,21,60.1758,5
21,800,서희스타힐스,5,31,59.81,4
31,300,정관가화만사성더테라스2차,5,31,60.1758,3
44,500,정관2차동원로얄듀크,5,28,84.9993,9
24,000,정관센트럴파크,5,13,59.83,15
24,000,정관1차동원로얄듀크,5,27,59.997,14
29,000,정관1차동원로얄듀크,5,30,79.6526,19
47,500,두산위브더테라스,5,31,84.821,5
25,300,정관동일스위트2차,5,1,59.9337,11
31,700,이지더원,5,3,84.8834,10
24,500,정관동일스위트2차,5,5,59.9337,5
24,700,정관동일스위트2차,5,7,59.9337,15
38,200,이지더원3차,5,9,84.97,3
30,000,정관동일스위트2차,5,11,78.5355,6
30,500,동일스위트3차,5,12,75.5781,16
47,000,정관롯데캐슬2차,5,14,101.5883,5
49,000,정관롯데캐슬2차,5,20,101.8124,13
28,000,동일스위트3차,5,20,65.9397,16
34,000,동일스위트3차,5,20,84.9174,19
32,500,이지더원3차,5,21,74.1653,3
35,800,이지더원2차,5,21,84.9644,11
22,900,동일스위트3차,5,21,65.9876,2
22,800,정관동일스위트2차,5,23,59.9337,10
26,000,동일스위트3차,5,24,65.9876,11
20,200,이지더원,5,24,59.8832,1
30,000,동일스위트3차,5,27,75.5781,5
34,500,정관동일스위트2차,5,27,84.9803,13
28,300,동일스위트3차,5,28,65.9876,6
32,300,이지더원3차,5,29,74.1653,7
37,900,정관이진캐스빌2차,5,2,84.9026,2
50,000,정관신도시한진해모로,5,6,122.9131,4
49,800,정관협성르네상스타운,5,11,101.316,5
37,000,정관이진캐스빌2차,5,12,84.7894,2
37,000,정관이진캐스빌2차,5,12,84.7894,2
38,000,정관동일스위트1차,5,13,84.8734,8
47,800,정관협성르네상스타운,5,14,103.0106,7
47,800,정관협성르네상스타운,5,14,103.0106,7
50,000,정관신도시한진해모로,5,15,123.4835,3
27,000,정관동일스위트1차,5,18,59.6502,7
45,800,정관신도시계룡리슈빌,5,18,103.41,16
59,800,정관신동아파밀리에,5,21,110.33,15
26,200,정관동일스위트1차,5,26,59.6502,8
25,900,정관동일스위트1차,5,27,59.6502,6
28,800,정관동일스위트1차,5,27,59.8302,5
48,500,이진캐스빌,5,31,84.9821,4
34,000,이진캐스빌,5,31,59.8881,5
18,000,선우,5,2,68.75,14
20,000,선우,5,10,80.79,11
56,000,일광한신더휴센트럴포레2단지,5,13,75.9504,5
70,000,일광자이푸르지오2단지,5,15,84.9718,22
66,000,e편한세상일광,5,20,84.9868,25
50,000,e편한세상일광,5,23,74.9729,1
60,000,일광자이푸르지오2단지,5,27,84.9718,8
44,900,일광한신더휴센트럴포레1단지,5,28,59.8167,20
70,000,일광자이푸르지오2단지,5,28,84.9718,8
60,000,e편한세상일광,5,30,74.9729,27
16,700,정도한스빌,5,7,54.562,13
15,792,가화일광타워,5,7,59.8654,2
33,500,가화일광타워,5,9,59.8654,28
15,792,가화일광타워,5,9,59.8654,28
15,000,동부산쏠마레,5,10,49.0658,1
11,200,정도한스빌,5,11,54.562,1
27,000,가화일광타워,5,17,59.8654,2
35,000,가화일광타워,5,17,59.8654,21
12,700,정도한스빌,5,31,54.562,3
25,000,고촌센트럴아파트,5,3,84.95,15
40,000,고촌센트럴아파트,5,23,84.9,1
35,000,부산기장포스코더샵,6,3,84.9056,20
7,500,유한빌라,6,7,68.51,4
13,500,동산백조,6,10,71.61,2
24,000,한신,6,11,59.85,20
18,000,이진스카이빌,6,18,59.97,18
31,000,한신,6,28,84.985,13
45,000,이진캐스빌블루1차,6,4,84.9753,2
21,300,가화만사성,6,7,59.9869,8
17,600,부전타워,6,11,84.505,4
20,200,문화그린맨션,6,11,84.135,11
47,500,이진캐스빌블루1차,6,11,84.9753,9
47,500,이진캐스빌블루1차,6,11,84.9005,15
20,200,문화그린맨션,6,11,84.135,11
15,700,원재아트빌,6,16,84.84,7
12,700,전원그린맨션B동,6,28,59.64,6
21,000,리츠빌리지,6,28,77.1024,2
17,800,서부주공,6,2,46.2,8
11,200,이진테마빌,6,18,48.598,19
14,000,이진테마빌,6,25,59.0604,6
15,000,이진테마빌,6,27,59.0604,11
17,400,동부산렉슬,6,3,57.6,6
14,500,이진캐스빌,6,4,49.2,1
16,800,한평드림빌,6,7,84.78,4
16,900,대라주공,6,9,39.72,4
14,100,담덕기장센텀,6,12,48.54,6
14,000,황중베르빌,6,13,70.84,9
15,000,가화랜드빌5차,6,15,53.3253,12
16,800,에코하임기장,6,17,49.2452,8
16,800,에코하임기장,6,17,49.2452,8
21,500,씨엘늘채움,6,20,78.0341,6
15,000,대원빌라5,6,25,83.39,7
21,300,씨엘늘채움,6,25,78.0341,4
26,500,현대,6,2,59.95,13
29,500,우신네오빌,6,9,84.9888,14
12,500,씨앤스타빌,6,13,47.28,14
12,500,씨앤스타빌,6,14,47.28,14
12,400,씨앤스타빌,6,28,49.96,10
29,300,경보그랜드비치,6,16,59.9295,13
36,500,경보그랜드비치,6,19,84.7205,9
22,800,서희스타힐스,6,4,59.83,6
30,800,서희스타힐스,6,4,84.73,8
31,300,서희스타힐스,6,6,84.53,7
29,500,정관가화만사성더테라스1차,6,11,60.1758,4
25,800,부산정관지구이지더원5차아파트,6,11,68.414,3
46,000,정관가화만사성더테라스1차,6,12,84.9623,5
25,700,부산정관지구이지더원5차아파트,6,14,68.414,4
30,000,정관가화만사성더테라스1차,6,14,60.1758,4
28,000,부산정관지구이지더원5차아파트,6,15,68.414,11
30,500,서희스타힐스,6,19,84.73,14
28,500,정관가화만사성더테라스1차,6,22,60.1758,2
27,000,부산정관지구이지더원5차아파트,6,29,68.414,2
26,800,정관1차동원로얄듀크,6,9,59.997,10
23,000,정관센트럴파크,6,9,59.83,4
25,250,정관센트럴파크,6,9,59.83,7
11,300,대우아파트,6,14,49.86,3
36,000,정관1차동원로얄듀크,6,18,79.6089,20
25,000,정관센트럴파크,6,23,59.81,14
34,500,정관1차동원로얄듀크,6,30,79.6089,1
34,000,정관동일스위트2차,6,1,84.9864,12
44,000,정관현진에버빌,6,3,116.024,3
24,700,정관동일스위트2차,6,4,59.9337,18
34,500,정관동일스위트2차,6,8,84.9803,13
33,800,정관동일스위트2차,6,8,84.9803,13
30,000,이지더원,6,8,84.8834,1
29,000,이지더원2차,6,10,84.9644,1
32,900,이지더원3차,6,11,74.1653,11
24,900,이지더원2차,6,13,59.8935,15
30,500,동일스위트3차,6,14,75.5781,6
36,500,정관동일스위트2차,6,14,84.9864,13
17,000,정관동일스위트2차,6,15,59.9337,9
25,000,이지더원2차,6,17,59.8935,10
31,000,이지더원,6,18,84.7808,4
31,000,이지더원,6,20,84.7808,17
26,800,동일스위트3차,6,22,65.9397,7
30,500,정관동일스위트2차,6,22,78.5355,7
30,000,이지더원,6,27,84.7808,4
51,500,정관협성르네상스타운,6,4,101.316,14
24,500,정관동일스위트1차,6,8,59.8302,1
25,000,정관동일스위트1차,6,10,59.6502,3
25,500,정관양우내안愛,6,10,59.8986,7
27,000,정관동일스위트1차,6,10,59.6502,12
24,000,정관동일스위트1차,6,11,59.6502,2
48,400,정관신도시롯데캐슬,6,11,123.35,7
45,000,정관신도시계룡리슈빌,6,13,103.41,16
39,000,정관동일스위트1차,6,13,84.9971,7
26,000,정관양우내안愛,6,16,59.8986,5
54,000,정관협성르네상스타운,6,17,103.0027,5
27,100,정관동일스위트1차,6,19,59.8245,12
24,700,정관양우내안愛,6,22,59.8986,2
37,800,정관이진캐스빌2차,6,22,84.7894,9
39,500,정관이진캐스빌2차,6,23,84.7894,5
42,100,정관신도시롯데캐슬,6,24,123.35,6
24,000,정관동일스위트1차,6,30,59.6502,17
34,700,정관동일스위트1차,6,30,84.8734,5
65,500,일광신도시비스타동원1차,6,10,96.1765,5
67,000,e편한세상일광,6,11,84.9868,16
59,500,일광한신더휴센트럴포레2단지,6,11,75.9504,23
56,000,e편한세상일광,6,13,74.9791,11
43,300,이지더원1차오션포레,6,14,59.6231,20
49,500,이지더원1차오션포레,6,16,59.6231,20
58,000,e편한세상일광,6,24,74.9729,11
43,000,이지더원1차오션포레,6,30,59.6231,16
12,000,삼양비치빌라.활어센타,6,30,76.05,5
11,500,정도한스빌,6,7,54.562,2
15,600,정도한스빌,6,13,54.562,6
16,800,동부산쏠마레,6,17,49.0658,1
15,100,정도한스빌,6,21,54.562,11
15,639,가화일광타워,6,23,59.8905,10
34,700,가화일광타워,6,23,59.8905,19
31,000,가화일광타워,6,30,59.8654,16
35,000,고촌센트럴아파트,6,8,84.95,8
17,900,한신,7,2,59.85,1
14,900,서린에코빌아파트,7,7,59.295,4
19,000,이진스카이빌,7,8,59.97,13
19,000,대진로얄,7,9,82.93,1
16,500,동부스위트,7,11,61.4625,11
12,000,동산백조,7,14,62.74,3
9,300,동보빌라,7,19,84.77,6
9,000,동산백조,7,19,71.61,1
10,000,전원그린맨션A,7,1,84.9,1
16,400,성신목화,7,4,84.78,9
23,900,리츠빌리지,7,5,84.7444,6
16,000,부전타워,7,5,78.83,12
23,000,성신목화,7,9,106.5,5
25,300,성신목화,7,9,106.5,5
16,500,태영,7,10,59.75,1
16,950,문화그린맨션,7,16,84.135,3
26,000,태영,7,21,84.975,16
18,000,태영,7,21,59.75,5
12,500,이진테마빌,7,8,48.598,4
12,200,이진테마빌,7,9,51.2689,18
24,000,서부주공,7,13,59.83,9
11,500,이진테마빌,7,23,48.598,9
20,500,서부주공,7,27,59.92,6
24,300,서부주공,7,29,59.83,7
27,500,동부산어반리움,7,8,71.38,11
23,800,갤러리하우스,7,14,84.98,5
17,400,에코하임기장,7,27,49.2452,10
14,000,가화랜드빌5차,7,29,53.3253,6
12,300,씨앤스타빌,7,16,49.96,10
12,400,씨앤스타빌,7,22,49.96,7
19,500,청강주공,7,27,39.69,1
20,000,청강주공,7,29,39.99,5
36,000,경보그랜드비치,7,13,71.1388,2
60,000,동부산관광단지삼정그린코아더베스트,7,11,84.9887,2
60,800,동부산관광단지삼정그린코아더베스트,7,23,84.9887,6
25,500,부산정관지구이지더원5차아파트,7,10,68.414,12
22,400,가화만사성정관타운,7,16,59.9437,2
32,600,정관2차동원로얄듀크,7,16,59.997,20
10,425,대우아파트,7,1,49.86,5
25,850,정관센트럴파크,7,8,59.81,12
12,800,대우아파트,7,11,49.86,1
12,000,대우아파트,7,20,49.86,2
55,000,정관롯데캐슬2차,7,1,127.2641,8
37,000,동일스위트3차,7,1,84.9174,14
32,500,정관동일스위트2차,7,2,84.9803,5
42,000,이지더원3차,7,4,84.97,14
21,400,이지더원,7,4,59.8832,2
38,000,이지더원3차,7,8,84.97,14
23,800,정관동일스위트2차,7,8,59.9337,13
28,000,정관동일스위트2차,7,9,78.5355,3
25,000,정관동일스위트2차,7,9,59.9337,7
45,000,정관롯데캐슬2차,7,18,101.8124,12
39,200,이지더원3차,7,19,84.97,16
27,600,정관동일스위트2차,7,23,78.5355,7
24,800,정관동일스위트2차,7,23,59.9856,15
45,000,정관롯데캐슬2차,7,23,101.5883,14
24,500,정관동일스위트1차,7,1,59.6502,5
25,000,정관동일스위트1차,7,2,59.6502,20
34,500,정관동일스위트1차,7,2,84.8734,3
38,000,정관동일스위트1차,7,4,84.9923,1
39,000,정관신도시계룡리슈빌,7,6,84.836,11
52,000,이진캐스빌,7,7,84.9281,15
26,600,정관동일스위트1차,7,7,59.8245,7
60,500,정관협성르네상스타운,7,13,126.2039,6
23,000,정관양우내안愛,7,15,59.9527,7
34,500,정관동일스위트1차,7,16,84.8734,10
23,500,정관동일스위트1차,7,22,59.8302,2
69,000,일광자이푸르지오2단지,7,2,84.9677,16
65,000,일광자이푸르지오2단지,7,8,84.9849,15
63,000,일광자이푸르지오1단지,7,18,84.9718,8
54,200,e편한세상일광,7,20,74.9791,16
57,000,일광한신더휴센트럴포레2단지,7,23,84.9616,2
70,000,일광자이푸르지오2단지,7,29,84.9596,20
42,700,이지더원1차오션포레,7,29,59.6231,4
15,600,정도한스빌,7,1,54.562,6
83,000,일광신도시비스타동원2차,7,15,104.206,22
19,600,동부산쏠마레,7,27,49.0658,14
32,000,가화일광타워,7,28,59.8654,28
16,000,대진로얄,8,3,67.92,6
7,350,동보시티빌,8,9,56.925,4
30,000,한신,8,15,84.985,22
13,122,삼화펠리스힐아파트,8,25,73.8194,3
13,122,삼화펠리스힐아파트,8,26,73.8194,3
31,500,한신,8,27,84.985,20
17,500,전원그린맨션B동,8,1,84.92,10
12,700,욱일,8,3,68.03,5
9,800,전원그린맨션A,8,4,58.74,3
13,900,태영,8,5,59.75,4
19,900,문화그린맨션,8,18,84.135,8
10,000,전원그린맨션B동,8,26,59.97,4
13,150,문화그린맨션,8,27,59.91,11
14,000,부전타워,8,31,59.38,4
14,500,이진테마빌,8,9,59.0604,18
14,000,이진테마빌,8,18,59.0604,6
11,000,가화랜드빌기장1차,8,2,59.9416,4
23,500,동부산렉슬,8,12,76.32,6
10,000,금강로즈,8,12,66.53,3
21,000,씨엘늘채움,8,16,78.0341,1
7,200,금강궁전,8,18,44.91,8
8,500,가화랜드빌기장1차,8,19,59.9416,3
20,100,이진캐스빌,8,26,59.91,14
26,000,이진캐스빌,8,29,79.63,1
15,000,대라주공,8,31,46.74,5
28,500,우신네오빌,8,1,84.9888,10
28,000,우신네오빌,8,8,84.9888,13
28,000,우신네오빌,8,20,84.9888,21
10,950,씨앤스타빌,8,23,49.96,5
24,000,우신네오빌,8,29,84.9888,11
22,400,서희스타힐스,8,4,59.81,6
26,000,정관가화만사성더테라스1차,8,11,60.1758,4
29,350,정관가화만사성더테라스2차,8,11,60.1758,2
43,800,정관가화만사성더테라스1차,8,17,60.1758,6
43,000,정관가화만사성더테라스2차,8,22,60.1758,6
26,500,부산정관지구이지더원5차아파트,8,24,68.414,9
32,200,정관2차동원로얄듀크,8,16,59.997,11
29,000,정관2차동원로얄듀크,8,23,59.997,14
31,000,정관2차동원로얄듀크,8,28,59.997,15
44,000,정관2차동원로얄듀크,8,30,84.9993,20
33,200,정관1차동원로얄듀크,8,3,79.6526,5
32,000,정관센트럴파크,8,13,84.59,4
26,450,정관1차동원로얄듀크,8,15,59.997,10
22,510,정관센트럴파크,8,21,59.83,6
11,500,대우아파트,8,26,49.86,2
50,100,정관현진에버빌,8,1,132.248,4
34,000,정관동일스위트2차,8,2,84.9864,12
36,700,정관현진에버빌,8,3,84.981,3
23,000,이지더원2차,8,6,59.9984,6
27,000,동일스위트3차,8,8,65.9876,17
38,000,이지더원3차,8,13,84.97,7
39,200,이지더원3차,8,18,84.97,8
22,000,정관동일스위트2차,8,19,59.9337,9
31,600,정관동일스위트2차,8,20,84.9803,13
25,100,이지더원2차,8,20,59.9984,20
54,500,정관롯데캐슬2차,8,25,127.2641,8
31,000,정관동일스위트2차,8,26,78.5355,14
29,000,정관동일스위트2차,8,31,78.5355,16
30,000,이지더원2차,8,31,84.9644,8
25,000,정관동일스위트1차,8,1,59.8245,5
23,900,정관양우내안愛,8,2,59.8986,5
31,500,이진캐스빌,8,4,59.8881,2
42,600,정관동일스위트1차,8,8,84.9923,11
26,000,정관동일스위트1차,8,10,59.4964,19
37,000,정관동일스위트1차,8,11,84.9971,8
50,000,정관신도시한진해모로,8,16,122.9131,9
38,500,정관동일스위트1차,8,16,84.8734,14
24,500,정관양우내안愛,8,22,59.8986,7
24,500,정관양우내안愛,8,22,59.8986,7
48,500,이진캐스빌,8,26,84.9281,9
25,100,정관양우내안愛,8,29,59.9983,11
70,000,일광자이푸르지오2단지,8,9,84.9718,19
42,000,이지더원1차오션포레,8,20,59.6231,4
59,800,일광자이푸르지오2단지,8,29,84.9062,16
6,000,정도한스빌,8,9,54.858,11
31,000,가화일광타워,8,27,59.8654,16
38,000,고촌센트럴아파트,8,24,84.9,2
17,800,한신,9,7,59.85,4
10,300,동산그린타워,9,7,58.7,3
10,000,진동선빌리지,9,14,69.98,4
17,000,한신,9,15,59.85,11
18,500,한신,9,20,59.85,10
12,800,부전베스트,9,26,78.27,3
18,100,한신,9,26,59.85,19
20,000,태영,9,1,59.75,11
43,000,이진캐스빌블루1차,9,8,84.9005,7
16,700,가화만사성,9,20,53.4307,10
17,000,부전타워,9,24,84.505,4
10,000,전원그린맨션A,9,26,79.62,4
22,700,태영,9,26,84.975,7
11,700,이진테마빌,9,15,48.598,5
12,700,이진테마빌,9,19,48.598,6
22,500,씨엘늘채움,9,2,84.8274,5
19,000,씨엘늘채움,9,2,78.0341,2
16,300,대라주공,9,5,39.72,4
17,500,대라주공,9,13,47.1,2
21,000,월가아델리스,9,15,74.4166,3
27,456,동부산어반리움,9,22,71.95,9
21,500,태윤리더스,9,24,69.3994,8
15,500,가화랜드빌5차,9,24,59.8027,9
42,000,이진캐스빌골드,9,28,113.3294,6
25,489,현대,9,8,59.95,14
27,900,우신네오빌,9,29,84.9888,22
22,500,우신네오빌,9,29,59.9882,8
22,000,현대,9,30,59.95,4
45,100,정관가화만사성더테라스1차,9,7,84.9623,3
29,500,정관가화만사성더테라스2차,9,9,60.1758,2
41,200,정관가화만사성더테라스1차,9,13,60.1758,6
30,500,정관2차동원로얄듀크,9,8,59.997,15
32,600,정관센트럴파크,9,14,84.73,13
24,500,정관센트럴파크,9,16,59.81,10
55,000,두산위브더테라스,9,20,84.994,5
55,000,두산위브더테라스,9,20,84.994,5
8,800,재흥,9,27,46.895,2
31,000,이지더원2차,9,2,84.9644,17
25,000,이지더원2차,9,3,59.9984,19
29,000,동일스위트3차,9,6,75.5781,2
38,000,이지더원3차,9,7,84.97,10
29,500,이지더원,9,28,84.7808,14
21,900,이지더원,9,28,59.8832,6
33,000,정관동일스위트1차,9,3,84.8734,10
30,000,정관이진캐스빌2차,9,6,59.9268,10
38,000,정관이진캐스빌2차,9,7,84.9026,5
29,000,정관이진캐스빌2차,9,7,59.9268,10
49,500,정관신도시한진해모로,9,7,122.9131,13
25,500,정관동일스위트1차,9,14,59.8245,14
41,000,정관신동아파밀리에,9,19,139.93,5
48,000,이진캐스빌,9,19,84.9281,12
24,000,정관동일스위트1차,9,24,59.6502,12
45,000,이진캐스빌,9,26,84.9821,7
40,050,이진캐스빌,9,27,84.9821,1
40,000,이진캐스빌,9,27,84.9821,1
24,000,정관동일스위트1차,9,27,59.8245,6
58,500,일광자이푸르지오2단지,9,1,84.9062,14
28,500,선우,9,3,80.79,14
80,000,일광신도시비스타동원1차,9,20,104.2061,14
39,800,이지더원1차오션포레,9,29,59.6231,11
18,800,동부산쏠마레,9,5,49.0658,10
16,100,동부산쏠마레,9,5,49.5896,3
33,000,가화일광타워,9,7,59.8905,23
18,200,한신,10,11,59.85,19
18,400,한신,10,28,59.85,9
15,300,가화만사성,10,4,53.4307,7
14,900,태영,10,5,59.75,1
18,350,문화그린맨션,10,14,84.135,3
17,800,부전타워,10,17,84.505,12
14,800,가화만사성,10,18,53.4307,4
24,500,경보이리스힐아파트,10,25,69.3133,9
14,500,서부주공,10,1,46.2,1
24,300,서부주공,10,6,59.83,7
13,900,이진테마빌,10,19,59.0604,9
15,650,이진테마빌,10,24,59.0604,17
9,000,수신,10,4,59.86,3
12,000,담덕기장센텀,10,6,48.54,3
16,700,에코하임기장,10,8,49.7243,9
15,900,가화랜드빌5차,10,14,59.8027,12
11,000,테마파크빌3차,10,21,84.05,8
18,400,이진캐스빌,10,24,59.91,6
22,250,씨엘늘채움,10,25,78.0341,3
10,000,금강궁전,10,27,58.38,13
13,900,펠리스빌3,10,29,77.13,7
20,000,청강주공,10,8,39.3,2
12,900,대동레미안센트럴시티,10,8,52.23,4
25,000,부산정관지구이지더원5차아파트,10,10,70.7431,6
25,800,부산정관지구이지더원5차아파트,10,24,68.414,6
22,700,가화만사성정관타운,10,25,59.9193,4
25,400,부산정관지구이지더원5차아파트,10,29,68.414,15
15,500,형진강변프라자,10,6,58.4,8
39,500,정관2차동원로얄듀크,10,22,84.9993,15
40,000,정관2차동원로얄듀크,10,23,84.999,14
34,000,정관센트럴파크,10,18,84.73,5
39,000,정관현진에버빌,10,4,84.981,2
43,000,정관롯데캐슬2차,10,6,101.8124,2
33,800,이지더원3차,10,12,84.97,4
22,500,동일스위트3차,10,20,65.9876,12
37,500,동일스위트3차,10,22,100.7622,6
32,000,이지더원3차,10,22,84.97,10
32,000,이지더원3차,10,22,84.97,2
30,000,이지더원3차,10,22,65.6536,16
40,000,정관롯데캐슬2차,10,24,101.8124,3
23,000,이지더원2차,10,24,59.8935,1
23,500,정관동일스위트1차,10,4,59.6502,5
34,200,정관동일스위트1차,10,8,84.9971,4
40,000,정관신동아파밀리에,10,11,107.83,5
33,000,정관동일스위트1차,10,12,84.8734,13
25,000,정관동일스위트1차,10,12,59.8302,18
35,500,정관동일스위트1차,10,13,84.9923,20
31,000,이진캐스빌,10,25,59.8881,12
64,000,일광신도시비스타동원1차,10,2,96.1765,24
47,000,e편한세상일광,10,8,74.9729,15
57,000,일광자이푸르지오2단지,10,11,84.9718,25
46,500,e편한세상일광,10,20,74.9729,28
28,000,세흥비치,10,21,95.355,5
55,000,일광자이푸르지오2단지,10,22,84.9062,8
46,000,e편한세상일광,10,22,74.9729,29
57,500,일광자이푸르지오2단지,10,28,84.9849,17
54,500,e편한세상일광,10,28,79.9871,20
45,000,e편한세상일광,10,30,74.9791,15
45,000,e편한세상일광,10,30,74.9791,15
25,000,한신,11,2,84.985,11
6,700,동호그린빌라,11,4,64.065,4
8,400,진동선빌리지,11,5,82.94,5
16,500,삼화펠리스힐아파트,11,14,73.8194,4
8,400,진동선빌리지,11,15,82.94,5
14,000,태영,11,8,59.75,8
8,000,전원그린맨션B동,11,10,59.97,8
16,150,태영,11,15,59.75,5
19,300,부전타워,11,18,84.505,15
21,500,태영,11,26,84.975,20
22,500,서부주공,11,10,59.92,7
20,600,서부주공,11,11,59.83,6
23,900,서부주공,11,18,59.83,9
23,000,서부주공,11,23,59.92,3
12,000,이진테마빌,11,28,48.598,6
15,000,에코하임기장,11,3,49.2565,5
26,400,씨엘늘채움,11,3,84.8274,9
10,000,기장에코하임6차,11,7,43.8145,8
20,400,태윤리더스,11,11,69.3994,6
7,900,금강궁전,11,12,50.4,13
11,000,삼흥빌라,11,14,93.37,1
7,900,금강궁전,11,21,50.4,13
12,700,기장마르빌,11,22,67.51,8
22,000,현대,11,1,59.95,4
22,541,웨이브리즈,11,1,55.99,12
25,000,웨이브리즈,11,7,59.99,12
12,300,씨앤스타빌,11,7,49.96,12
11,000,청강주공,11,14,32.76,5
6,000,씨앤스타빌,11,16,24.58,4
21,800,웨이브리즈,11,24,55.99,3
23,800,웨이브리즈,11,28,59.99,7
12,200,비룡벨로스텔라,11,29,46.96,6
12,900,비룡벨로스텔라,11,29,46.96,10
28,000,부산정관지구이지더원5차아파트,11,8,68.414,11
37,500,정관가화만사성더테라스2차,11,10,60.1758,6
27,500,부산정관지구이지더원5차아파트,11,12,68.414,13
46,000,정관가화만사성더테라스2차,11,16,60.1758,6
27,700,정관가화만사성더테라스1차,11,21,60.1758,4
31,000,정관2차동원로얄듀크,11,1,59.997,15
30,500,정관2차동원로얄듀크,11,1,59.997,15
33,500,정관센트럴파크,11,8,84.59,4
34,000,두산위브더테라스,11,19,84.868,3
10,550,대우아파트,11,22,49.86,5
27,500,이지더원3차,11,18,65.6536,11
30,300,이지더원3차,11,22,84.97,2
21,000,동일스위트3차,11,29,65.9876,2
51,200,정관롯데캐슬2차,11,30,127.2641,9
32,800,이지더원3차,11,30,84.97,9
22,700,정관동일스위트1차,11,1,59.8245,9
50,300,정관신도시한진해모로,11,12,135.6199,4
24,000,정관동일스위트1차,11,17,59.8302,17
31,000,정관동일스위트1차,11,18,84.8734,11
44,000,이진캐스빌,11,19,84.9821,13
49,300,정관신도시한진해모로,11,22,122.9131,10
22,100,정관동일스위트1차,11,28,59.6502,16
46,000,e편한세상일광,11,2,74.9791,8
50,500,일광자이푸르지오2단지,11,11,84.9062,12
50,500,일광자이푸르지오1단지,11,12,84.9718,10
14,000,선우,11,16,80.79,1
51,500,e편한세상일광,11,17,74.9729,20
49,800,일광자이푸르지오1단지,11,21,84.9062,9
58,000,일광한신더휴센트럴포레2단지,11,26,84.9371,4
57,000,일광자이푸르지오2단지,11,27,84.9596,10
43,000,일광대성베르힐,11,29,84.5535,22
29,700,가화일광타워,11,15,59.8905,8
97,000,일광신도시비스타동원2차,11,30,104.206,31
13,600,서린에코빌아파트,12,1,59.295,1
14,500,월드파크빌B동,12,6,75.54,5
16,000,한신,12,13,59.85,10
34,500,부산기장포스코더샵,12,24,84.9056,11
34,500,부산기장포스코더샵,12,24,84.9056,11
11,000,전원그린맨션B동,12,16,59.97,6
32,000,기장유림노르웨이숲,12,16,69.7411,7
17,000,성신목화,12,20,84.78,4
15,400,노이하우스2차,12,17,84.95,1
26,800,이진캐스빌,12,5,79.63,14
12,750,담덕기장센텀,12,12,48.54,4
20,500,씨엘늘채움,12,19,78.0341,2
21,400,더블유하임,12,29,84.84,5
22,800,웨이브리즈,12,4,55.99,5
3,500,명례솔터시티,12,8,21.14,4
36,000,정관가화만사성더테라스1차,12,3,60.1758,6
25,000,부산정관지구이지더원5차아파트,12,15,68.414,2
27,500,정관가화만사성더테라스1차,12,21,60.1758,2
25,000,정관가화만사성더테라스1차,12,23,60.1758,2
19,500,가화만사성정관타운,12,31,59.9437,5
10,500,대우아파트,12,3,49.86,5
18,800,정관센트럴파크,12,31,59.83,14
23,000,이지더원2차,12,2,59.8935,1
40,000,정관롯데캐슬2차,12,6,101.8124,15
28,000,동일스위트3차,12,10,75.5781,6
29,000,동일스위트3차,12,10,84.9938,6
36,500,이지더원3차,12,14,84.97,15
18,400,정관동일스위트2차,12,15,59.9337,12
29,000,이지더원2차,12,16,84.9644,9
25,400,이지더원,12,16,84.7808,13
35,000,정관롯데캐슬2차,12,16,101.5883,14
32,500,이지더원3차,12,17,84.97,16
19,100,정관동일스위트2차,12,21,59.9337,8
21,900,정관동일스위트2차,12,22,59.9337,3
31,500,동일스위트3차,12,24,84.9938,14
32,150,이지더원3차,12,24,84.97,8
19,500,정관동일스위트2차,12,27,59.9337,10
31,000,이지더원3차,12,27,84.97,9
35,000,정관신도시롯데캐슬,12,9,101.74,15
22,700,정관동일스위트1차,12,20,59.8302,6
29,100,정관동일스위트1차,12,20,74.258,11
50,000,정관협성르네상스타운,12,23,126.2039,6
35,800,정관이진캐스빌2차,12,23,84.7894,3
70,000,일광신도시비스타동원1차,12,3,104.2061,16
51,000,일광자이푸르지오1단지,12,4,84.9849,23
48,500,일광자이푸르지오2단지,12,5,84.9062,6
45,000,일광대성베르힐,12,6,84.5535,13
47,000,일광자이푸르지오1단지,12,7,84.9718,12
31,500,이지더원1차오션포레,12,10,59.6231,3
52,500,일광자이푸르지오1단지,12,12,84.9062,17
52,500,일광자이푸르지오1단지,12,12,84.9062,17
54,000,일광자이푸르지오2단지,12,13,84.9062,16
46,500,e편한세상일광,12,19,74.9729,28
45,000,일광한신더휴센트럴포레1단지,12,21,84.9371,16
33,500,이지더원1차오션포레,12,24,59.6231,22
19,600,동부산쏠마레,12,1,49.0658,10
15,500,정도한스빌,12,30,54.858,13
28,000,고촌엘에이치3단지아파트,12,6,67.89,6
34,500,부산기장포스코더샵,1,5,84.9056,11
14,600,한신,1,13,59.85,25
14,500,한신,1,14,59.85,1
19,000,동산그린타워,1,19,84.58,4
31,000,이진캐스빌블루1차,1,9,71.722,3
13,000,문화그린맨션,1,10,59.91,12
14,700,문화그린맨션,1,12,84.135,2
13,650,태영,1,18,59.75,7
12,000,이진테마빌,1,9,48.598,11
12,000,이진테마빌,1,12,59.0604,1
10,000,이진테마빌,1,19,48.598,19
11,750,이진테마빌,1,28,48.598,3
25,500,이진캐스빌,1,12,79.63,3
37,000,이진캐스빌골드,1,27,113.3294,5
12,800,담덕기장센텀,1,27,48.54,6
13,500,대라주공,1,30,39.72,4
13,400,담덕기장센텀,1,30,48.54,14
18,600,이진캐스빌,1,31,59.91,9
11,800,씨앤스타빌,1,18,49.96,5
22,600,웨이브리즈,1,19,55.99,17
45,000,동부산관광단지삼정그린코아더베스트,1,31,79.9755,4
3,600,명례솔터시티,1,13,23.88,4
41,100,정관가화만사성더테라스1차,1,9,84.9623,3
40,000,정관가화만사성더테라스1차,1,9,84.9623,2
27,200,정관가화만사성더테라스2차,1,18,60.1758,5
34,700,정관가화만사성더테라스1차,1,30,106.0011,1
39,200,정관가화만사성더테라스1차,1,31,106.0011,1
42,100,정관2차동원로얄듀크,1,6,84.9993,9
29,300,정관2차동원로얄듀크,1,14,59.997,11
24,000,정관1차동원로얄듀크,1,17,59.997,15
28,500,정관1차동원로얄듀크,1,31,79.6526,15
26,200,이지더원,1,3,84.7808,10
29,000,정관동일스위트2차,1,4,84.9864,6
18,900,정관동일스위트2차,1,10,59.9337,1
27,900,이지더원,1,12,84.7808,5
25,500,이지더원,1,13,84.7808,16
36,000,정관롯데캐슬2차,1,14,101.8124,7
31,800,이지더원3차,1,15,84.97,13
26,000,이지더원,1,16,84.7808,11
27,700,이지더원2차,1,18,84.9644,18
44,900,정관현진에버빌,1,20,132.248,9
20,300,이지더원2차,1,26,59.9984,17
32,000,이지더원3차,1,27,84.97,14
28,700,이지더원2차,1,28,84.9644,7
23,500,이지더원2차,1,30,84.9644,2
26,000,이지더원,1,30,84.7808,17
23,000,정관동일스위트1차,1,7,59.8302,13
25,500,정관동일스위트1차,1,7,74.258,7
23,500,정관동일스위트1차,1,10,59.8302,6
21,500,정관양우내안愛,1,11,59.8986,5
29,500,정관신도시롯데캐슬,1,12,84.9,12
43,000,정관신도시한진해모로,1,14,109.3076,7
31,000,정관동일스위트1차,1,17,84.9923,19
22,200,정관동일스위트1차,1,19,59.8245,12
19,900,정관동일스위트1차,1,21,59.8302,3
28,900,정관동일스위트1차,1,25,84.8734,13
21,500,정관동일스위트1차,1,25,59.8245,5
31,000,정관동일스위트1차,1,25,84.9971,11
33,000,정관신도시롯데캐슬,1,26,101.74,13
22,000,정관동일스위트1차,1,31,59.8245,7
52,500,일광자이푸르지오2단지,1,3,84.9677,5
48,000,일광자이푸르지오1단지,1,4,84.9062,15
46,300,일광자이푸르지오2단지,1,4,75.5544,13
44,000,e편한세상일광,1,7,74.9729,7
47,000,e편한세상일광,1,7,79.9871,25
52,000,일광자이푸르지오2단지,1,8,84.9849,14
47,000,일광자이푸르지오1단지,1,10,84.9062,19
47,000,일광자이푸르지오1단지,1,10,84.9062,19
49,500,e편한세상일광,1,10,84.9868,10
52,000,e편한세상일광,1,11,84.9868,27
45,500,일광자이푸르지오2단지,1,11,84.9718,6
47,000,일광자이푸르지오1단지,1,14,84.9062,16
40,000,일광자이푸르지오1단지,1,14,63.9811,15
47,000,e편한세상일광,1,18,84.9868,18
32,000,이지더원1차오션포레,1,18,59.6231,7
42,500,e편한세상일광,1,18,74.9791,4
47,000,e편한세상일광,1,19,79.9871,21
65,000,일광신도시비스타동원1차,1,19,104.2061,6
55,000,일광신도시비스타동원1차,1,20,96.1765,17
35,500,이지더원1차오션포레,1,25,59.6231,14
48,000,일광자이푸르지오1단지,1,26,84.9718,5
54,000,일광신도시비스타동원1차,1,27,96.1765,8
54,500,일광신도시비스타동원1차,1,28,96.1765,4
40,000,e편한세상일광,1,28,74.9791,14
39,000,일광한신더휴센트럴포레1단지,1,28,75.9504,11
48,500,일광자이푸르지오2단지,1,28,84.9062,5
44,500,e편한세상일광,1,28,74.9791,13
47,500,e편한세상일광,1,30,84.9868,7
55,500,일광신도시비스타동원2차,1,17,96.1765,23
70,000,일광신도시비스타동원2차,1,17,96.1765,25
56,000,일광신도시비스타동원2차,1,20,96.1765,6
62,000,일광신도시비스타동원2차,1,26,96.1765,14
69,700,일광신도시비스타동원2차,1,28,104.206,24
31,200,가화일광타워,1,29,59.8905,27
21,000,고촌센트럴아파트,1,13,84.97,1
14,500,한신,2,4,59.85,20
15,000,한신,2,15,59.85,4
13,450,부전베스트,2,18,71.64,3
16,500,한신,2,21,59.85,20
15,000,한신,2,22,59.85,4
15,000,한신,2,22,59.85,17
26,000,센텀스위트홈,2,28,103.545,8
11,000,전원그린맨션A,2,4,58.74,3
19,800,문화그린맨션,2,14,84.135,12
14,900,태영,2,16,59.75,3
12,900,부전타워,2,28,59.38,9
20,500,씨엘늘채움,2,1,78.0341,2
26,800,이진캐스빌,2,1,79.63,14
12,500,동양주택,2,3,89.1,13
14,000,상마타운,2,7,84.9,6
14,000,상마타운,2,7,84.9,6
14,600,베로나,2,9,49.997,6
11,000,에이원더시티,2,9,25.1935,14
26,500,센트리움기장,2,15,67.037,5
25,500,씨엘늘채움,2,25,84.8274,12
17,000,던힐즈아파트,2,27,71.25,2
25,400,웨이브리즈,2,9,59.99,4
55,000,동부산관광단지삼정그린코아더베스트,2,4,79.9832,2
50,000,동부산관광단지삼정그린코아더베스트,2,23,84.9887,7
25,800,정관가화만사성더테라스2차,2,1,60.1758,4
26,100,정관가화만사성더테라스1차,2,8,60.1758,4
20,000,가화만사성정관타운,2,11,59.9193,14
26,500,정관가화만사성더테라스2차,2,11,60.1758,4
8,500,두리아,2,17,80.89,1
41,500,정관가화만사성더테라스1차,2,20,84.9623,2
7,000,두리아,2,23,76.95,1
39,000,정관2차동원로얄듀크,2,1,84.999,19
30,000,정관2차동원로얄듀크,2,5,59.997,11
39,000,정관2차동원로얄듀크,2,13,84.999,15
11,700,대우아파트,2,2,49.86,2
21,000,정관1차동원로얄듀크,2,2,59.997,7
27,000,정관1차동원로얄듀크,2,4,79.6089,15
31,000,정관센트럴파크,2,8,84.59,11
48,000,두산위브더테라스,2,10,84.821,5
27,800,정관1차동원로얄듀크,2,11,79.6089,17
28,700,정관1차동원로얄듀크,2,11,79.6526,10
12,000,대우아파트,2,18,49.86,3
38,000,두산위브더테라스,2,27,84.994,5
31,800,이지더원2차,2,2,84.9644,12
20,500,이지더원2차,2,3,59.8935,7
29,000,이지더원2차,2,3,84.9644,19
26,800,이지더원,2,4,84.7808,3
36,000,정관롯데캐슬2차,2,5,101.8124,6
21,000,이지더원2차,2,8,59.8935,10
26,300,정관동일스위트2차,2,8,84.9864,15
28,000,동일스위트3차,2,8,84.9174,18
26,050,동일스위트3차,2,8,75.5781,8
28,200,이지더원3차,2,8,74.1653,12
19,900,정관동일스위트2차,2,9,59.9337,10
20,900,이지더원2차,2,11,59.8935,13
38,000,정관현진에버빌,2,12,116.024,12
21,500,동일스위트3차,2,13,65.9876,2
20,250,이지더원2차,2,14,59.9984,14
25,800,이지더원,2,18,84.7808,8
32,300,이지더원3차,2,18,84.97,6
30,000,동일스위트3차,2,18,84.9938,3
30,500,이지더원2차,2,20,84.9644,18
29,000,이지더원3차,2,20,74.1653,18
32,300,이지더원3차,2,20,84.97,12
29,000,동일스위트3차,2,22,84.9174,11
38,000,정관롯데캐슬2차,2,24,101.8124,11
19,500,이지더원2차,2,26,59.8935,2
19,800,이지더원2차,2,28,59.9984,2
26,100,정관동일스위트1차,2,2,74.5241,6
30,000,정관동일스위트1차,2,3,84.9923,20
32,000,정관신도시롯데캐슬,2,4,101.74,9
72,000,정관신동아파밀리에,2,4,152.64,15
43,000,정관신도시롯데캐슬,2,7,122.42,6
22,500,정관동일스위트1차,2,8,59.6502,19
22,200,정관동일스위트1차,2,10,59.8245,15
32,000,정관이진캐스빌2차,2,10,84.9026,4
25,000,정관이진캐스빌2차,2,11,59.9268,8
22,300,정관양우내안愛,2,16,59.8986,13
22,900,정관동일스위트1차,2,16,59.8302,15
28,000,정관동일스위트1차,2,19,84.8734,4
48,600,정관신도시한진해모로,2,19,122.9131,5
31,300,정관동일스위트1차,2,20,84.9971,10
22,300,정관동일스위트1차,2,25,59.6502,16
47,500,일광자이푸르지오2단지,2,1,84.9062,7
54,000,일광자이푸르지오2단지,2,2,84.9718,11
40,800,일광대성베르힐,2,2,84.3874,15
30,000,이지더원1차오션포레,2,4,59.6231,5
51,000,일광자이푸르지오2단지,2,4,75.5544,15
47,000,일광한신더휴센트럴포레1단지,2,4,84.9371,18
52,000,일광자이푸르지오1단지,2,4,84.9062,24
49,000,e편한세상일광,2,4,84.9868,11
46,500,e편한세상일광,2,7,84.9868,4
44,000,일광대성베르힐,2,9,84.505,20
63,500,일광신도시비스타동원1차,2,10,104.2061,28
60,600,일광자이푸르지오2단지,2,11,84.9062,25
51,900,일광자이푸르지오2단지,2,11,75.5544,11
35,000,이지더원1차오션포레,2,11,59.6231,19
48,000,e편한세상일광,2,13,79.9871,22
60,000,일광자이푸르지오2단지,2,13,84.9677,22
36,000,일광한신더휴센트럴포레1단지,2,13,59.8167,10
51,000,일광자이푸르지오1단지,2,14,84.9062,13
48,000,e편한세상일광,2,16,84.9868,18
52,000,일광자이푸르지오2단지,2,17,84.9849,17
44,500,일광대성베르힐,2,17,84.5535,18
45,000,일광대성베르힐,2,17,84.5535,14
42,300,e편한세상일광,2,18,74.9729,6
43,200,일광대성베르힐,2,19,84.3874,15
43,200,일광대성베르힐,2,19,84.3874,15
48,000,일광자이푸르지오2단지,2,22,84.9062,4
53,500,일광자이푸르지오2단지,2,22,84.9718,11
53,500,일광자이푸르지오2단지,2,23,84.9718,11
43,000,일광대성베르힐,2,23,84.3874,7
47,500,일광자이푸르지오1단지,2,24,84.9062,5
32,500,이지더원1차오션포레,2,24,59.6231,3
45,500,일광대성베르힐,2,26,84.5535,4
51,500,일광자이푸르지오2단지,2,28,84.9062,23
51,500,일광자이푸르지오2단지,2,28,84.9062,23
55,000,일광신도시비스타동원2차,2,6,96.1765,4
15,700,동부산쏠마레,2,15,49.5896,1
71,500,일광신도시비스타동원2차,2,27,104.206,30
15,300,서린에코빌아파트,3,8,59.295,6
19,000,이진스카이빌,3,10,59.97,6
16,400,한신,3,11,59.85,11
16,000,리츠빌,3,11,84.94,2
15,000,이진스카이빌,3,14,59.97,3
26,000,한신,3,31,84.985,2
12,500,문화그린맨션,3,6,59.91,10
16,450,부전타워,3,8,78.83,10
36,900,이진캐스빌블루1차,3,8,84.9436,7
17,600,태영,3,11,59.75,7
20,000,부전타워,3,28,83.61,7
12,700,이진테마빌,3,13,48.598,12
18,000,서부주공,3,20,59.92,1
21,000,서부주공,3,23,59.83,13
30,000,이진캐스빌골드,3,2,84.5689,17
21,000,더블유하임,3,3,84.84,13
17,700,이진캐스빌,3,6,59.91,11
12,000,금강로즈맨션,3,10,84.96,6
31,000,이진캐스빌골드,3,20,84.5689,16
14,000,삼흥빌라,3,20,88.65,2
14,500,센트럴파크빌라6차,3,20,80.57,4
31,000,이진캐스빌골드,3,26,84.5689,13
22,500,씨엘늘채움,3,31,84.8274,3
19,000,우신네오빌,3,1,59.9882,11
22,500,웨이브리즈,3,1,55.99,5
27,000,웨이브리즈,3,2,59.99,3
11,800,대동레미안센트럴시티,3,8,45.19,6
18,500,우신네오빌,3,10,59.9882,20
13,000,대동레미안센트럴시티,3,10,52.23,4
10,200,씨앤스타빌,3,21,47.28,3
10,800,씨앤스타빌,3,24,47.28,11
11,000,대동레미안센트럴시티,3,27,45.19,4
24,400,현대,3,29,59.95,15
50,000,동부산관광단지삼정그린코아더베스트,3,3,84.9887,4
45,000,동부산관광단지삼정그린코아더베스트,3,17,84.9887,7
45,000,동부산관광단지삼정그린코아더베스트,3,23,84.9887,5
24,200,부산정관지구이지더원5차아파트,3,2,68.414,14
35,000,정관가화만사성더테라스2차,3,4,60.1758,6
19,000,가화만사성정관타운,3,12,59.9567,3
27,300,정관가화만사성더테라스2차,3,14,60.1758,5
40,400,정관가화만사성더테라스1차,3,18,84.9623,2
54,500,정관가화만사성더테라스2차,3,21,84.9623,6
18,500,가화만사성정관타운,3,24,59.9567,3
28,000,정관2차동원로얄듀크,3,20,59.997,16
29,000,정관2차동원로얄듀크,3,24,59.997,13
19,000,형진강변프라자,3,29,82.52,12
6,000,재흥,3,3,49.4,1
34,000,두산위브더테라스,3,22,84.974,1
27,800,정관1차동원로얄듀크,3,29,79.6089,17
22,300,동일스위트3차,3,4,65.9876,5
31,400,이지더원3차,3,4,84.97,18
27,400,정관동일스위트2차,3,7,78.5355,9
24,000,동일스위트3차,3,7,65.9876,19
32,500,이지더원3차,3,8,84.97,17
35,000,정관현진에버빌,3,9,116.024,15
30,000,이지더원3차,3,13,84.97,5
26,700,이지더원,3,14,84.7808,5
25,500,이지더원,3,16,84.7808,10
19,000,정관동일스위트2차,3,16,59.9337,20
28,750,이지더원2차,3,17,84.9644,14
20,700,동일스위트3차,3,17,65.9876,1
30,000,동일스위트3차,3,20,84.9174,6
30,000,이지더원2차,3,20,84.9644,19
22,500,동일스위트3차,3,20,65.9876,7
22,500,동일스위트3차,3,20,65.9876,7
19,500,정관동일스위트2차,3,24,59.9337,13
29,000,동일스위트3차,3,24,84.9938,6
47,000,정관롯데캐슬2차,3,24,127.2641,2
29,100,정관동일스위트2차,3,24,84.9882,9
31,000,동일스위트3차,3,25,84.9938,10
29,000,동일스위트3차,3,26,84.9174,20
34,000,이지더원3차,3,27,84.97,15
34,000,정관롯데캐슬2차,3,28,101.5883,12
30,000,정관동일스위트2차,3,28,84.9864,2
21,300,정관동일스위트2차,3,28,59.9337,14
35,500,동일스위트3차,3,31,100.7622,5
31,000,정관신도시롯데캐슬,3,1,84.85,11
22,300,정관양우내안愛,3,2,59.8986,7
41,000,정관신동아파밀리에,3,4,107.83,12
30,000,이진캐스빌,3,4,59.8881,11
27,500,정관신도시롯데캐슬,3,6,84.85,2
50,000,정관협성르네상스타운,3,7,126.2039,10
42,700,이진캐스빌,3,12,84.9821,12
40,000,정관신도시롯데캐슬,3,18,123.35,1
34,300,정관신도시롯데캐슬,3,20,84.85,7
39,900,정관신도시한진해모로,3,22,109.6398,5
59,000,정관신동아파밀리에,3,23,152.64,5
29,500,정관동일스위트1차,3,25,84.9923,3
22,000,정관동일스위트1차,3,25,59.8245,4
24,900,정관동일스위트1차,3,26,59.8302,14
38,500,정관신도시계룡리슈빌,3,27,84.836,18
30,000,정관동일스위트1차,3,27,84.9971,15
30,000,정관동일스위트1차,3,27,84.9971,15
34,800,정관신도시롯데캐슬,3,29,84.85,11
41,000,정관신동아파밀리에,3,31,110.33,11
25,000,정관동일스위트1차,3,31,74.258,20
40,500,일광한신더휴센트럴포레1단지,3,1,75.9504,3
47,750,일광자이푸르지오2단지,3,1,84.9718,3
50,000,일광자이푸르지오2단지,3,1,84.9062,10
60,000,일광자이푸르지오2단지,3,2,84.9718,22
34,500,이지더원1차오션포레,3,2,59.6231,18
60,000,일광신도시비스타동원1차,3,3,96.1765,10
32,500,이지더원1차오션포레,3,3,59.6231,3
50,500,e편한세상일광,3,4,84.9868,4
60,000,일광신도시비스타동원1차,3,4,104.2061,4
34,300,이지더원1차오션포레,3,4,59.6231,22
34,500,이지더원1차오션포레,3,4,59.6231,4
51,800,일광자이푸르지오2단지,3,4,84.9062,10
54,000,일광자이푸르지오2단지,3,4,84.9062,24
50,000,일광자이푸르지오1단지,3,4,84.9718,6
50,000,일광자이푸르지오1단지,3,4,84.9718,6
42,000,일광대성베르힐,3,4,84.505,11
44,500,e편한세상일광,3,5,74.9729,28
43,000,일광대성베르힐,3,5,84.5535,9
51,500,일광자이푸르지오2단지,3,5,84.9718,3
65,000,일광신도시비스타동원1차,3,6,104.2061,3
66,500,일광신도시비스타동원1차,3,7,104.2061,11
44,500,e편한세상일광,3,8,74.9791,23
42,700,일광대성베르힐,3,8,84.5535,11
37,000,이지더원1차오션포레,3,8,59.6181,26
51,800,e편한세상일광,3,10,84.9868,21
53,300,일광자이푸르지오2단지,3,11,84.9718,8
32,900,이지더원1차오션포레,3,11,59.6231,6
54,000,일광자이푸르지오2단지,3,11,84.9718,20
45,000,e편한세상일광,3,11,74.9791,12
51,000,일광자이푸르지오2단지,3,12,84.9718,4
50,000,일광자이푸르지오1단지,3,15,84.9849,14
52,000,e편한세상일광,3,15,84.9868,8
51,000,일광자이푸르지오1단지,3,15,84.9062,15
52,000,e편한세상일광,3,18,84.9868,29
44,500,e편한세상일광,3,18,74.9729,9
44,800,e편한세상일광,3,20,74.9729,26
71,500,일광신도시비스타동원1차,3,23,104.2061,26
52,500,일광자이푸르지오2단지,3,24,84.9062,12
57,800,일광자이푸르지오2단지,3,24,84.9062,17
45,000,일광한신더휴센트럴포레1단지,3,28,84.9371,19
45,000,e편한세상일광,3,29,74.9791,27
50,800,일광자이푸르지오1단지,3,30,84.9062,6
50,800,일광자이푸르지오1단지,3,30,84.9062,6
34,300,이지더원1차오션포레,3,31,59.6231,25
68,000,일광신도시비스타동원2차,3,1,104.206,26
63,000,일광신도시비스타동원2차,3,6,96.1765,17
29,300,가화일광타워,3,6,59.8905,11
77,000,일광신도시비스타동원2차,3,13,104.206,31
30,300,가화일광타워,3,15,59.8905,28
56,800,일광신도시비스타동원2차,3,17,96.1765,20
18,100,가화일광타워,3,20,59.8905,9
17,600,동부산쏠마레,3,20,49.0658,8
16,800,동부산쏠마레,3,22,49.0658,7
81,500,일광신도시비스타동원2차,3,26,104.206,13
65,000,일광신도시비스타동원2차,3,28,104.206,2
65,000,일광신도시비스타동원2차,3,31,96.1765,25
22,100,동부스위트,4,3,82.09,9
17,500,한신,4,4,59.85,18
27,500,한신,4,5,99.9,24
16,000,한신,4,13,59.85,13
18,300,한신,4,25,59.85,24
18,100,한신,4,28,59.85,13
16,400,한신,4,29,59.85,4
13,700,문화그린맨션,4,1,59.91,10
13,200,문화그린맨션,4,3,59.91,7
20,900,태영,4,5,84.975,1
14,000,태영,4,8,59.75,2
29,500,기장유림노르웨이숲,4,8,69.7411,10
37,700,이진캐스빌블루1차,4,14,84.9753,19
23,500,기장유림노르웨이숲,4,26,53.0447,3
17,500,서부주공,4,9,46.2,15
14,500,서부주공,4,15,46.2,1
22,850,서부주공,4,17,59.83,14
14,200,이진테마빌,4,19,59.0604,21
19,600,이진캐스빌,4,7,59.91,14
22,800,씨엘늘채움,4,10,78.0341,10
23,000,센트리움기장,4,13,67.037,11
17,300,삼협아띠랑스,4,14,59.695,13
15,800,한평드림빌,4,20,84.15,7
11,900,씨앤스타빌,4,5,49.96,10
27,000,우신네오빌,4,12,84.9888,17
11,700,씨앤스타빌,4,14,49.96,13
15,000,청강주공,4,17,39.69,5
19,000,우신네오빌,4,17,59.9882,21
17,900,우신네오빌,4,20,59.9882,4
15,700,청강주공,4,24,39.3,5
11,000,씨앤스타빌,4,28,47.28,4
29,500,경보그랜드비치,4,10,59.9295,17
45,000,동부산관광단지삼정그린코아더베스트,4,26,84.9887,6
21,000,가화만사성정관타운,4,5,59.9567,7
35,000,정관가화만사성더테라스1차,4,5,106.0011,1
17,950,가화만사성정관타운,4,9,59.9567,5
22,800,부산정관지구이지더원5차아파트,4,9,68.414,15
27,000,정관가화만사성더테라스1차,4,10,60.1758,4
33,300,정관가화만사성더테라스2차,4,11,60.1758,6
56,800,정관가화만사성더테라스1차,4,11,84.9623,6
26,500,정관가화만사성더테라스2차,4,12,60.1758,4
34,200,정관가화만사성더테라스2차,4,12,60.1758,6
25,500,정관가화만사성더테라스2차,4,16,60.1758,2
38,000,정관가화만사성더테라스2차,4,19,60.1758,6
33,000,정관가화만사성더테라스2차,4,19,60.1758,6
26,000,정관가화만사성더테라스1차,4,21,60.1758,4
19,450,서희스타힐스,4,21,59.81,6
19,450,서희스타힐스,4,21,59.81,6
26,500,정관가화만사성더테라스2차,4,22,60.1758,3
21,000,부산정관지구이지더원5차아파트,4,25,68.414,2
23,000,부산정관지구이지더원5차아파트,4,28,68.414,13
38,400,정관2차동원로얄듀크,4,8,84.999,18
37,500,정관2차동원로얄듀크,4,12,84.9993,7
36,000,정관2차동원로얄듀크,4,12,84.999,14
38,000,정관2차동원로얄듀크,4,18,84.9993,17
9,100,재흥,4,3,46.895,1
22,000,정관1차동원로얄듀크,4,6,59.997,8
27,500,정관1차동원로얄듀크,4,15,79.6526,6
44,500,두산위브더테라스,4,19,84.821,5
21,650,정관1차동원로얄듀크,4,20,59.997,14
33,000,두산위브더테라스,4,21,84.868,3
27,500,정관1차동원로얄듀크,4,29,79.6526,7
26,000,이지더원3차,4,1,65.6536,13
35,400,정관롯데캐슬2차,4,1,101.8124,13
31,200,이지더원3차,4,4,84.97,13
24,100,동일스위트3차,4,6,65.9397,11
32,000,이지더원3차,4,7,84.97,14
32,000,정관현진에버빌,4,8,84.988,11
32,000,동일스위트3차,4,8,100.7622,9
25,800,이지더원,4,8,84.8834,8
25,500,동일스위트3차,4,9,75.5781,1
19,300,정관동일스위트2차,4,14,59.9337,13
19,500,정관동일스위트2차,4,14,59.9337,15
31,000,동일스위트3차,4,14,84.9174,9
28,100,이지더원3차,4,14,74.1653,7
25,000,이지더원3차,4,16,65.6536,6
56,000,정관롯데캐슬2차,4,18,149.6196,20
31,400,이지더원3차,4,18,84.97,14
24,200,이지더원,4,18,84.7808,3
20,500,이지더원2차,4,18,59.8935,6
27,800,동일스위트3차,4,20,84.9174,5
33,800,동일스위트3차,4,20,100.7622,8
29,000,동일스위트3차,4,21,84.9938,14
26,400,이지더원,4,22,84.7808,17
36,300,정관롯데캐슬2차,4,22,101.8124,10
24,780,이지더원,4,24,84.8834,5
24,200,동일스위트3차,4,24,65.9876,13
19,300,정관동일스위트2차,4,26,59.9337,13
27,400,동일스위트3차,4,26,75.5781,20
21,500,정관동일스위트2차,4,27,59.9337,20
29,900,이지더원2차,4,27,84.9644,5
26,900,이지더원3차,4,27,74.1653,7
28,000,정관동일스위트2차,4,27,84.9803,20
40,000,정관현진에버빌,4,28,116.024,4
36,000,정관롯데캐슬2차,4,29,101.8124,17
38,600,정관신도시롯데캐슬,4,1,123.35,13
46,000,정관신도시한진해모로,4,5,110.1369,3
21,500,정관양우내안愛,4,7,59.8986,11
27,800,정관동일스위트1차,4,7,84.9923,1
30,300,정관동일스위트1차,4,8,84.9899,11
20,500,정관동일스위트1차,4,8,59.8245,10
43,000,정관협성르네상스타운,4,10,101.316,11
40,000,정관신도시롯데캐슬,4,11,123.35,4
29,500,이진캐스빌,4,11,59.8881,11
28,000,이진캐스빌,4,11,59.8881,7
28,900,정관동일스위트1차,4,12,84.9971,5
48,000,정관신도시한진해모로,4,13,122.9131,7
21,000,정관양우내안愛,4,13,59.9527,8
30,000,정관동일스위트1차,4,14,84.9971,14
29,900,정관동일스위트1차,4,15,84.9971,15
31,000,정관동일스위트1차,4,17,84.8734,7
29,000,정관동일스위트1차,4,21,84.8734,16
22,800,정관동일스위트1차,4,22,59.6502,19
40,000,정관신도시한진해모로,4,25,109.3076,1
19,500,정관동일스위트1차,4,26,59.8302,1
59,800,정관신동아파밀리에,4,26,152.64,4
45,000,정관신도시한진해모로,4,26,109.6398,13
29,500,정관동일스위트1차,4,28,84.8734,10
30,200,정관동일스위트1차,4,28,84.8734,5
50,000,정관신동아파밀리에,4,29,139.93,9
55,500,일광자이푸르지오2단지,4,3,84.9062,23
44,500,일광대성베르힐,4,8,84.5535,14
43,700,e편한세상일광,4,8,74.9791,6
35,000,이지더원1차오션포레,4,13,59.6231,21
49,500,e편한세상일광,4,14,79.9871,12
47,000,일광한신더휴센트럴포레1단지,4,15,84.9371,18
36,000,이지더원1차오션포레,4,15,59.6231,8
36,000,이지더원1차오션포레,4,15,59.6231,8
65,000,일광신도시비스타동원1차,4,15,104.2061,24
45,700,일광한신더휴센트럴포레1단지,4,17,84.9371,17
43,000,e편한세상일광,4,18,74.9791,11
52,000,e편한세상일광,4,19,84.9868,12
52,500,일광한신더휴센트럴포레2단지,4,20,84.9616,14
43,400,일광대성베르힐,4,20,84.505,16
59,500,일광신도시비스타동원1차,4,20,96.1765,12
51,900,일광자이푸르지오1단지,4,20,84.9849,20
54,000,일광신도시비스타동원1차,4,23,96.1765,3
70,300,일광신도시비스타동원1차,4,24,104.2061,7
44,500,일광대성베르힐,4,25,84.5535,14
44,500,일광대성베르힐,4,25,84.5535,14
53,500,일광자이푸르지오2단지,4,27,84.9718,4
61,000,일광자이푸르지오2단지,4,27,84.9677,20
54,000,e편한세상일광,4,29,84.9868,26
43,000,e편한세상일광,4,29,74.9791,5
72,500,일광신도시비스타동원1차,4,29,104.2061,12
90,000,일광신도시비스타동원2차,4,1,104.206,18
62,500,일광신도시비스타동원2차,4,7,96.1765,10
67,000,일광신도시비스타동원2차,4,11,104.206,6
59,500,일광신도시비스타동원2차,4,22,96.1765,21
58,500,일광신도시비스타동원2차,4,24,96.1765,19
23,800,가화일광타워,4,27,59.8905,14
57,000,일광신도시비스타동원2차,4,30,96.1765,26
32,100,고촌센트럴아파트,4,3,84.78,5
33,000,고촌센트럴아파트,4,5,84.95,13
27,000,한신,5,1,84.985,8
26,500,한신,5,3,84.985,6
16,000,한신,5,3,59.85,17
14,000,한신,5,8,59.85,9
25,900,한신,5,17,84.985,7
32,000,한신,5,19,99.9,25
15,000,더포인트,5,24,47.7119,4
17,000,이진스카이빌,5,26,59.97,15
19,000,가화만사성,5,11,59.9869,19
12,000,부전타워,5,13,59.38,2
24,700,기장유림노르웨이숲,5,14,53.0447,11
12,000,문화그린맨션,5,25,59.91,3
14,500,성신목화,5,26,84.78,1
10,500,이진테마빌,5,2,51.2689,8
22,500,서부주공,5,4,59.92,12
13,500,이진테마빌,5,13,59.0604,8
14,000,이진테마빌,5,15,59.0604,12
22,850,서부주공,5,19,59.83,14
13,500,대라주공,5,5,39.72,3
33,000,이진캐스빌골드,5,13,84.5689,20
9,000,수신,5,16,59.86,3
9,000,수신,5,16,59.86,3
15,000,센트럴파크빌라6차,5,17,80.57,7
19,700,이진캐스빌,5,17,59.91,9
18,900,이진캐스빌,5,19,59.91,15
15,100,대라주공,5,22,47.1,2
12,300,동국에버리치,5,24,53.29,7
16,000,이진캐스빌,5,26,59.91,8
5,450,씨앤스타빌,5,9,24.58,4
35,000,현대,5,18,84.6,10
31,500,현대,5,22,84.6,2
18,000,현대,5,22,59.95,1
30,000,웨이브리즈,5,24,59.99,6
18,000,우신네오빌,5,30,59.9882,8
46,000,동부산관광단지삼정그린코아더베스트,5,7,84.9887,8
48,000,동부산관광단지삼정그린코아더베스트,5,23,84.9887,11
21,300,서희스타힐스,5,3,59.81,15
61,000,정관가화만사성더테라스2차,5,16,84.9623,6
26,000,정관가화만사성더테라스1차,5,20,60.1758,4
21,000,부산정관지구이지더원5차아파트,5,25,68.414,2
26,500,정관가화만사성더테라스2차,5,25,60.1758,4
19,000,서희스타힐스,5,30,59.81,8
27,700,정관2차동원로얄듀크,5,3,59.997,17
36,800,정관2차동원로얄듀크,5,12,84.999,4
27,500,정관2차동원로얄듀크,5,12,59.997,16
37,600,정관2차동원로얄듀크,5,22,84.999,18
38,000,정관2차동원로얄듀크,5,26,84.9993,16
42,800,두산위브더테라스,5,3,84.821,5
21,300,정관1차동원로얄듀크,5,13,59.997,18
21,800,정관1차동원로얄듀크,5,15,59.997,18
18,700,정관센트럴파크,5,16,59.83,7
21,000,정관1차동원로얄듀크,5,16,59.997,19
31,000,두산위브더테라스,5,19,84.974,1
9,400,성림,5,22,48.28,3
22,500,동일스위트3차,5,5,65.9876,6
27,500,이지더원2차,5,6,84.9644,3
20,600,이지더원2차,5,6,59.8935,16
31,200,이지더원3차,5,8,84.97,7
31,400,이지더원3차,5,9,84.97,13
28,500,정관동일스위트2차,5,10,84.9864,9
30,000,정관동일스위트2차,5,12,84.9803,7
21,150,이지더원2차,5,12,59.9984,9
31,500,정관동일스위트2차,5,13,84.9803,20
18,800,이지더원,5,13,59.8832,17
25,800,이지더원3차,5,19,65.6536,1
29,300,정관동일스위트2차,5,20,84.9882,18
29,300,정관동일스위트2차,5,20,84.9882,18
26,000,이지더원3차,5,22,65.6536,8
30,300,이지더원3차,5,23,84.97,4
26,800,이지더원3차,5,24,65.6536,16
22,000,동일스위트3차,5,26,65.9876,6
22,000,동일스위트3차,5,26,65.9876,6
19,800,정관동일스위트2차,5,31,59.9337,3
29,150,정관동일스위트1차,5,1,84.8734,3
24,000,정관양우내안愛,5,1,59.8986,13
40,500,이진캐스빌,5,2,84.9281,1
38,200,정관신도시한진해모로,5,2,109.3076,4
40,000,정관신도시롯데캐슬,5,4,101.74,9
32,000,정관신도시롯데캐슬,5,4,84.85,13
40,800,정관협성르네상스타운,5,5,103.0027,5
57,500,정관협성르네상스타운,5,6,126.2039,14
22,500,정관동일스위트1차,5,6,59.6502,13
31,800,정관신도시롯데캐슬,5,7,101.74,12
30,000,이진캐스빌,5,9,59.8881,12
31,000,이진캐스빌,5,10,59.8881,15
34,000,정관신동아파밀리에,5,12,107.83,6
36,500,정관신도시계룡리슈빌,5,13,84.836,9
23,400,정관동일스위트1차,5,17,59.8302,6
39,500,정관신도시한진해모로,5,23,109.3076,7
60,000,정관신도시계룡리슈빌,5,23,131.9791,17
24,800,정관동일스위트1차,5,23,59.8302,12
32,000,이진캐스빌,5,24,59.8881,14
22,500,정관동일스위트1차,5,25,59.8245,3
20,000,정관동일스위트1차,5,29,59.6502,3
34,800,정관동일스위트1차,5,30,84.9923,6
46,000,정관신도시계룡리슈빌,5,30,112.6636,17
57,000,일광자이푸르지오2단지,5,1,84.9677,7
49,000,e편한세상일광,5,1,84.9868,23
44,800,e편한세상일광,5,2,74.9729,26
58,000,일광자이푸르지오2단지,5,2,84.9062,6
42,500,일광대성베르힐,5,3,84.505,5
52,000,e편한세상일광,5,3,84.9868,29
45,000,일광한신더휴센트럴포레1단지,5,4,84.9616,15
56,300,일광자이푸르지오2단지,5,6,84.9849,18
43,000,일광자이푸르지오1단지,5,8,63.9811,9
54,000,일광자이푸르지오1단지,5,9,84.9849,21
48,900,일광자이푸르지오1단지,5,10,75.5544,8
33,800,이지더원1차오션포레,5,11,59.6231,23
37,000,일광한신더휴센트럴포레1단지,5,12,59.8167,16
49,500,일광자이푸르지오2단지,5,12,75.5544,18
51,000,일광자이푸르지오2단지,5,13,84.9849,4
56,900,일광자이푸르지오1단지,5,13,84.9849,10
45,000,e편한세상일광,5,13,74.9791,24
51,000,일광자이푸르지오1단지,5,13,84.9718,10
45,250,일광대성베르힐,5,15,84.5535,24
33,700,일광한신더휴센트럴포레1단지,5,15,59.8167,3
61,500,일광자이푸르지오2단지,5,20,84.9596,14
36,200,이지더원1차오션포레,5,20,59.6231,25
51,000,일광자이푸르지오2단지,5,22,84.9849,22
54,500,e편한세상일광,5,24,84.9868,20
36,500,이지더원1차오션포레,5,24,59.6231,10
44,000,일광대성베르힐,5,25,84.505,19
36,000,이지더원1차오션포레,5,26,59.6231,18
44,500,일광한신더휴센트럴포레2단지,5,26,75.9504,22
52,500,일광자이푸르지오2단지,5,29,84.9718,2
52,500,일광자이푸르지오2단지,5,29,84.9718,2
59,000,일광신도시비스타동원2차,5,13,96.1765,22
70,000,일광신도시비스타동원2차,5,23,104.206,17
13,500,정도한스빌,5,26,54.562,4
16,152,가화일광타워,5,27,59.8654,20
23,200,동부스위트,6,7,82.09,11
13,000,삼화펠리스힐아파트,6,9,73.8194,3
15,000,금강센스빌제102동,6,10,77.14,2
11,000,동보빌라,6,14,84.77,6
10,000,동산백조,6,27,71.61,6
23,500,한신,6,28,84.985,23
9,500,욱일,6,7,68.03,7
9,100,전원그린맨션B동,6,7,59.64,2
29,200,이진캐스빌블루2차,6,7,68.6835,4
9,800,원남빌라,6,16,75.93,1
10,500,문화그린맨션,6,16,59.91,2
41,400,이진캐스빌블루1차,6,17,84.9005,9
18,500,부전타워,6,19,83.61,11
15,450,태영,6,19,59.75,8
37,400,이진캐스빌블루1차,6,27,84.9005,6
13,800,부전타워,6,27,59.38,9
35,000,이진캐스빌블루1차,6,29,84.9005,6
21,500,서부주공,6,7,59.92,10
12,000,이진테마빌,6,10,48.598,13
11,200,이진테마빌,6,21,48.598,19
18,500,이진캐스빌,6,13,59.91,9
17,800,이진캐스빌,6,14,59.91,4
11,000,테마하이츠빌,6,20,76.64,5
16,500,이진캐스빌,6,30,49.2,19
11,200,씨앤스타빌,6,8,49.96,3
11,800,씨앤스타빌,6,8,49.96,14
14,000,청강주공,6,13,39.99,1
31,000,경보그랜드비치,6,3,59.9295,18
47,800,동부산관광단지삼정그린코아더베스트,6,27,84.9887,5
30,000,정관가화만사성더테라스1차,6,1,60.1758,4
24,550,정관가화만사성더테라스1차,6,2,60.1758,2
26,000,정관가화만사성더테라스1차,6,5,60.1758,4
30,500,정관가화만사성더테라스2차,6,7,60.1758,5
19,500,가화만사성정관타운,6,10,59.9193,8
26,000,정관가화만사성더테라스1차,6,10,60.1758,2
18,000,가화만사성정관타운,6,17,59.9193,6
26,000,부산정관지구이지더원5차아파트,6,20,68.414,7
19,000,가화만사성정관타운,6,29,59.9437,4
35,500,정관2차동원로얄듀크,6,3,84.999,3
35,800,정관2차동원로얄듀크,6,14,84.9993,9
34,500,정관2차동원로얄듀크,6,17,84.999,2
27,500,정관2차동원로얄듀크,6,18,59.997,19
38,000,정관2차동원로얄듀크,6,23,84.999,8
29,300,정관센트럴파크,6,14,84.41,13
29,900,정관1차동원로얄듀크,6,17,79.6089,3
32,500,두산위브더테라스,6,23,84.868,3
56,000,두산위브더테라스,6,26,84.994,5
11,900,대우아파트,6,26,49.86,2
29,500,정관1차동원로얄듀크,6,29,79.6526,13
31,000,정관1차동원로얄듀크,6,30,79.6089,9
26,700,이지더원3차,6,1,74.1653,2
22,000,이지더원,6,5,59.8832,18
20,800,이지더원2차,6,5,59.8935,11
20,500,이지더원2차,6,5,59.8935,18
20,750,이지더원2차,6,6,59.9984,12
32,800,동일스위트3차,6,8,100.7622,2
29,000,이지더원3차,6,10,74.1653,14
29,200,정관동일스위트2차,6,10,84.9803,5
19,900,이지더원2차,6,12,59.8935,8
26,500,이지더원3차,6,13,65.6536,15
22,000,동일스위트3차,6,14,65.9397,15
30,800,이지더원3차,6,15,84.97,11
17,000,정관동일스위트2차,6,16,59.9337,11
29,500,이지더원2차,6,17,84.9644,18
28,900,동일스위트3차,6,17,84.9174,15
20,600,이지더원2차,6,21,59.9984,15
24,300,이지더원,6,21,84.8834,5
18,000,정관동일스위트2차,6,21,59.9337,13
32,500,정관현진에버빌,6,22,84.988,15
29,500,정관동일스위트2차,6,23,84.9864,10
32,300,이지더원3차,6,23,84.97,15
35,800,정관현진에버빌,6,29,116.024,7
29,500,정관동일스위트2차,6,29,84.9864,10
17,700,이지더원,6,30,59.8832,11
22,500,정관양우내안愛,6,3,59.8986,6
30,800,정관동일스위트1차,6,5,84.8734,17
30,500,정관동일스위트1차,6,6,84.9971,20
21,500,정관동일스위트1차,6,8,59.6502,12
37,400,정관신동아파밀리에,6,9,107.83,13
35,000,정관이진캐스빌2차,6,9,84.9026,8
25,250,정관동일스위트1차,6,9,59.8302,13
28,000,정관동일스위트1차,6,11,84.8734,9
30,000,정관동일스위트1차,6,13,84.8734,14
27,000,정관이진캐스빌2차,6,14,59.9268,7
50,500,정관협성르네상스타운,6,15,126.2039,11
50,000,정관신동아파밀리에,6,15,140.11,5
52,500,정관신도시계룡리슈빌,6,16,103.41,19
23,000,정관양우내안愛,6,16,59.9527,15
44,000,정관신도시한진해모로,6,17,109.3076,3
22,750,정관동일스위트1차,6,19,59.8302,6
29,600,정관신도시롯데캐슬,6,23,84.85,10
22,000,정관양우내안愛,6,24,59.8986,12
20,000,정관양우내안愛,6,24,59.8986,10
22,500,정관양우내안愛,6,28,59.8986,9
34,000,이지더원1차오션포레,6,2,59.6231,8
44,000,일광대성베르힐,6,3,84.3874,12
53,000,일광자이푸르지오2단지,6,3,75.5544,26
53,000,일광자이푸르지오2단지,6,3,75.5544,26
57,000,일광자이푸르지오2단지,6,5,84.9062,11
50,000,일광대성베르힐,6,6,84.5535,17
48,000,일광한신더휴센트럴포레1단지,6,8,84.9371,8
33,000,이지더원1차오션포레,6,9,59.6231,2
33,300,이지더원1차오션포레,6,10,59.6181,20
37,000,이지더원1차오션포레,6,14,59.6231,15
71,000,일광신도시비스타동원1차,6,16,104.2061,6
49,000,e편한세상일광,6,19,84.9868,6
45,800,e편한세상일광,6,20,74.9791,14
46,000,e편한세상일광,6,22,74.9729,5
43,500,일광한신더휴센트럴포레2단지,6,23,75.9504,16
60,000,일광신도시비스타동원1차,6,29,96.1765,11
67,500,일광신도시비스타동원1차,6,29,104.2061,12
26,300,가화일광타워,6,3,59.8654,8
56,000,일광신도시비스타동원2차,6,5,96.1765,3
65,900,일광신도시비스타동원2차,6,6,96.1765,26
62,000,일광신도시비스타동원2차,6,9,96.1765,17
61,500,일광신도시비스타동원2차,6,11,96.1765,22
75,000,일광신도시비스타동원2차,6,13,104.206,14
75,000,일광신도시비스타동원2차,6,27,104.206,21
24,000,가화일광타워,6,29,59.8905,5
68,000,일광신도시비스타동원2차,6,30,104.206,17
16,700,한신,7,8,59.85,20
15,100,월드파크빌B동,7,9,75.54,4
18,400,이진스카이빌,7,10,59.97,5
32,500,부산기장포스코더샵,7,17,84.8258,17
16,800,한신,7,18,59.85,10
19,200,부전타워,7,4,83.61,11
9,800,원남빌라,7,13,75.93,1
12,450,전원그린맨션B동,7,17,59.64,4
48,000,이진캐스빌블루1차,7,17,134.6955,5
19,300,가화만사성,7,18,59.9869,20
9,500,전원그린맨션B동,7,19,58.12,2
15,000,태영,7,23,59.75,17
17,350,문화그린맨션,7,26,84.135,7
36,000,이진캐스빌블루1차,7,26,84.9436,16
36,500,이진캐스빌블루1차,7,28,84.9005,4
36,300,이진캐스빌블루1차,7,29,84.9753,6
21,900,서부주공,7,12,59.83,14
20,900,서부주공,7,13,59.83,8
21,100,서부주공,7,25,59.83,4
18,300,이진캐스빌,7,1,59.91,3
20,000,씨엘늘채움,7,5,78.0341,1
10,800,금강궁전,7,13,58.38,6
14,000,상마타운,7,21,84.9,12
21,500,씨엘늘채움,7,23,84.8274,1
17,900,우신네오빌,7,4,59.9882,16
18,000,우신네오빌,7,8,59.9882,9
19,400,우신네오빌,7,12,59.9882,14
11,800,씨앤스타빌,7,22,49.96,14
31,700,청강리더스빌,7,25,81.2138,14
40,500,동부산관광단지삼정그린코아더베스트,7,3,79.9832,2
50,000,동부산관광단지삼정그린코아더베스트,7,4,79.9755,8
44,000,동부산관광단지삼정그린코아더베스트,7,13,79.9832,5
41,900,동부산관광단지삼정그린코아더베스트,7,14,84.9887,3
45,000,동부산관광단지삼정그린코아더베스트,7,14,79.9832,5
45,000,동부산관광단지삼정그린코아더베스트,7,30,84.9887,4
43,000,동부산관광단지삼정그린코아더베스트,7,31,84.9887,2
4,400,명례솔터시티,7,18,23.88,5
35,600,정관가화만사성더테라스1차,7,8,106.0011,1
21,900,부산정관지구이지더원5차아파트,7,8,68.414,9
29,200,정관가화만사성더테라스1차,7,17,60.1758,5
28,000,서희스타힐스,7,19,84.59,5
18,600,가화만사성정관타운,7,21,59.9567,8
22,500,부산정관지구이지더원5차아파트,7,26,68.414,5
21,000,부산정관지구이지더원5차아파트,7,31,68.414,7
37,600,정관2차동원로얄듀크,7,4,84.999,18
17,000,형진강변프라자,7,8,57.14,5
38,000,정관2차동원로얄듀크,7,15,84.999,5
21,000,정관1차동원로얄듀크,7,4,59.997,5
24,400,정관센트럴파크,7,5,84.53,1
7,700,성림,7,6,48.28,2
22,500,정관1차동원로얄듀크,7,25,59.997,11
20,300,정관센트럴파크,7,26,59.81,7
19,700,정관센트럴파크,7,27,59.83,15
27,000,정관1차동원로얄듀크,7,29,79.6526,18
31,000,동일스위트3차,7,1,84.9174,15
24,000,이지더원3차,7,2,65.6536,3
19,000,이지더원,7,2,59.8832,17
18,200,이지더원,7,3,59.8832,10
23,700,동일스위트3차,7,3,65.9876,5
63,500,정관롯데캐슬2차,7,4,149.6196,20
23,000,정관동일스위트2차,7,7,84.9864,17
30,500,이지더원3차,7,7,84.97,10
36,300,정관롯데캐슬2차,7,11,101.8124,18
36,800,동일스위트3차,7,12,100.7622,11
28,800,이지더원2차,7,13,84.9644,6
20,000,이지더원2차,7,14,59.9984,10
30,900,이지더원3차,7,15,84.97,10
28,500,정관현진에버빌,7,17,84.988,3
34,000,이지더원3차,7,18,84.97,5
21,770,정관동일스위트2차,7,18,59.9337,10
20,500,이지더원,7,21,59.8832,7
18,000,이지더원2차,7,28,59.9984,1
20,900,정관동일스위트2차,7,28,59.9337,6
31,200,이지더원3차,7,29,84.97,16
24,400,정관이진캐스빌2차,7,1,59.9268,4
40,800,이진캐스빌,7,4,84.9281,14
47,000,정관협성르네상스타운,7,5,126.2039,10
30,000,정관동일스위트1차,7,8,84.8734,18
42,000,정관신도시롯데캐슬,7,8,123.35,5
21,800,정관동일스위트1차,7,9,59.8245,16
38,900,정관협성르네상스타운,7,10,101.316,2
46,000,정관협성르네상스타운,7,14,116.8112,14
22,900,정관동일스위트1차,7,15,59.6502,9
39,000,정관신도시한진해모로,7,16,109.3076,2
42,400,이진캐스빌,7,17,84.9821,7
21,500,정관양우내안愛,7,18,59.8986,4
30,250,정관신도시롯데캐슬,7,20,84.85,5
41,000,이진캐스빌,7,22,84.9281,12
33,000,정관동일스위트1차,7,22,84.9923,11
41,000,이진캐스빌,7,22,84.9281,8
29,300,정관동일스위트1차,7,24,84.8734,14
30,000,정관동일스위트1차,7,24,84.9971,10
34,000,정관동일스위트1차,7,27,84.8734,11
31,000,정관동일스위트1차,7,27,84.8734,11
47,000,정관협성르네상스타운,7,28,116.8112,8
30,700,정관동일스위트1차,7,31,84.8734,6
42,700,일광대성베르힐,7,1,84.3874,7
45,800,일광대성베르힐,7,4,84.5535,12
44,800,일광대성베르힐,7,5,84.3874,6
53,000,일광자이푸르지오2단지,7,8,84.9849,4
42,500,일광한신더휴센트럴포레1단지,7,9,75.9504,13
58,000,일광자이푸르지오2단지,7,9,84.9718,17
55,000,일광자이푸르지오1단지,7,10,84.9849,16
44,800,일광대성베르힐,7,11,84.505,5
36,700,이지더원1차오션포레,7,12,59.6231,11
60,000,일광자이푸르지오2단지,7,13,84.9062,19
47,300,일광자이푸르지오1단지,7,16,75.5544,9
54,300,일광자이푸르지오1단지,7,20,84.9849,7
49,993,일광자이푸르지오2단지,7,20,84.9718,11
33,000,이지더원1차오션포레,7,22,59.6231,1
63,000,일광신도시비스타동원1차,7,22,96.1765,23
55,000,일광신도시비스타동원1차,7,24,96.1765,19
31,500,이지더원1차오션포레,7,25,59.6231,8
51,500,e편한세상일광,7,26,84.9868,5
40,000,일광한신더휴센트럴포레1단지,7,28,59.8167,4
44,700,일광대성베르힐,7,28,84.5535,9
59,900,일광자이푸르지오2단지,7,28,84.9062,25
52,800,e편한세상일광,7,31,79.9871,23
67,000,일광신도시비스타동원2차,7,2,104.206,5
57,000,일광신도시비스타동원2차,7,3,96.1765,3
75,000,일광신도시비스타동원2차,7,6,104.206,11
61,950,일광신도시비스타동원2차,7,9,96.1765,30
14,000,정도한스빌,7,11,54.858,7
27,000,가화일광타워,7,13,59.8905,15
26,000,가화일광타워,7,17,59.8654,17
68,500,일광신도시비스타동원2차,7,31,96.1765,11
32,500,고촌센트럴아파트,7,7,84.97,2
23,000,고촌엘에이치3단지아파트,7,14,74.78,4
16,500,한신,8,2,59.85,6
11,450,삼화펠리스힐아파트,8,3,73.8194,4
23,750,한신,8,4,84.985,15
17,000,한신,8,5,59.85,12
16,900,한신,8,5,59.85,7
24,400,한신,8,7,84.985,5
14,000,삼화펠리스힐아파트,8,10,73.8194,9
16,500,한신,8,17,59.85,11
29,400,한신,8,21,99.9,15
6,400,동호그린빌라,8,26,44.445,5
16,000,한신,8,26,59.85,11
31,500,부산기장포스코더샵,8,30,84.9056,5
23,000,한신,8,30,84.985,5
33,600,이진캐스빌블루1차,8,5,84.9436,2
17,000,가화만사성,8,7,53.4307,10
39,100,이진캐스빌블루1차,8,7,84.9005,12
24,000,경보이리스힐아파트,8,8,69.3133,7
23,000,성신목화,8,8,106.5,5
30,500,이진캐스빌블루1차,8,14,71.722,3
38,800,이진캐스빌블루1차,8,15,84.9005,16
17,000,부전타워,8,22,83.36,6
36,000,이진캐스빌블루1차,8,31,84.9753,9
13,900,이진테마빌,8,7,59.0604,12
11,450,이진테마빌,8,15,51.2689,6
13,500,이진테마빌,8,26,59.0604,5
15,000,모드니하이츠,8,1,50.9627,13
15,000,모드니하이츠,8,1,50.9627,13
11,200,센트럴파크7,8,11,82.18,2
21,000,기장에코하임6차,8,11,72.7963,5
18,400,이진캐스빌,8,16,59.91,19
20,800,씨엘늘채움,8,24,78.0341,12
25,000,월가아델리스,8,31,69.8359,9
13,000,청강주공,8,5,32.76,3
17,000,청강주공,8,14,39.99,5
13,900,청강주공,8,16,39.69,2
13,500,청강주공,8,16,39.99,1
17,000,비룡벨로스텔라,8,16,65.68,15
20,800,우신네오빌,8,28,59.9882,22
22,900,현대,8,30,59.95,12
29,500,경보그랜드비치,8,10,71.1388,10
45,500,동부산관광단지삼정그린코아더베스트,8,3,84.9887,4
43,500,동부산관광단지삼정그린코아더베스트,8,19,84.9887,3
17,000,서희스타힐스,8,4,59.95,9
17,400,가화만사성정관타운,8,5,59.9193,3
21,950,부산정관지구이지더원5차아파트,8,11,68.414,10
19,500,서희스타힐스,8,14,59.83,5
43,300,정관가화만사성더테라스1차,8,15,84.9623,4
40,000,정관가화만사성더테라스1차,8,31,84.9623,4
27,600,정관2차동원로얄듀크,8,12,59.997,16
26,500,정관2차동원로얄듀크,8,19,59.997,9
27,000,정관2차동원로얄듀크,8,20,59.997,20
26,000,정관2차동원로얄듀크,8,23,59.997,2
35,400,정관2차동원로얄듀크,8,25,84.9993,2
26,800,정관2차동원로얄듀크,8,26,59.997,6
42,000,정관2차동원로얄듀크,8,26,84.9993,20
20,500,정관1차동원로얄듀크,8,15,59.997,12
20,500,정관1차동원로얄듀크,8,15,59.997,12
20,500,정관1차동원로얄듀크,8,15,59.997,12
21,100,정관1차동원로얄듀크,8,16,59.997,16
21,000,정관센트럴파크,8,19,59.83,11
28,500,정관1차동원로얄듀크,8,21,79.6089,7
27,750,정관1차동원로얄듀크,8,25,79.6526,13
22,500,정관1차동원로얄듀크,8,27,59.997,13
29,500,정관1차동원로얄듀크,8,30,79.6089,1
25,600,동일스위트3차,8,3,65.9876,19
37,800,정관현진에버빌,8,4,116.024,7
19,900,정관동일스위트2차,8,5,59.9337,4
30,400,이지더원3차,8,8,84.97,7
30,800,이지더원3차,8,9,84.97,10
18,200,이지더원,8,9,59.8832,5
26,100,이지더원3차,8,11,65.6536,6
38,000,정관롯데캐슬2차,8,12,101.8124,17
25,700,정관동일스위트2차,8,12,78.5355,6
29,500,동일스위트3차,8,12,84.9174,16
26,800,동일스위트3차,8,12,75.5781,8
36,500,정관롯데캐슬2차,8,16,101.5883,13
31,000,동일스위트3차,8,16,84.9174,6
25,450,동일스위트3차,8,17,75.5781,10
19,300,정관동일스위트2차,8,17,59.9337,6
30,500,이지더원3차,8,18,84.97,7
22,000,이지더원2차,8,19,59.9984,18
34,500,정관롯데캐슬2차,8,19,101.8124,8
30,000,동일스위트3차,8,19,84.9174,18
37,000,동일스위트3차,8,22,100.2336,19
35,000,정관현진에버빌,8,23,84.981,14
18,700,이지더원,8,23,59.8832,9
26,900,이지더원,8,25,84.7808,13
35,000,동일스위트3차,8,26,100.7622,1
34,000,정관현진에버빌,8,26,84.988,5
33,500,정관현진에버빌,8,29,84.981,12
18,000,이지더원,8,29,59.8832,7
18,800,이지더원,8,30,59.8832,1
57,000,정관현진에버빌,8,31,166.186,12
25,500,이지더원,8,31,84.7808,17
42,000,정관협성르네상스타운,8,1,101.316,2
30,000,정관동일스위트1차,8,3,84.9971,4
36,500,정관신동아파밀리에,8,4,107.83,7
19,800,정관양우내안愛,8,5,59.8986,1
52,000,정관신도시한진해모로,8,5,147.1351,7
27,800,정관신도시롯데캐슬,8,5,84.9,4
45,500,정관신동아파밀리에,8,5,116.69,12
39,000,정관신동아파밀리에,8,8,116.69,4
33,500,정관동일스위트1차,8,8,84.9971,10
24,600,정관동일스위트1차,8,10,59.8302,7
47,500,정관신도시한진해모로,8,12,122.9131,9
20,000,정관양우내안愛,8,12,59.8986,6
50,300,정관협성르네상스타운,8,12,116.8112,9
24,300,정관동일스위트1차,8,12,59.8245,17
20,000,정관양우내안愛,8,12,59.8986,6
23,000,정관양우내안愛,8,13,59.8986,10
22,000,정관양우내안愛,8,14,59.9527,15
32,000,정관동일스위트1차,8,18,84.9899,9
24,100,정관동일스위트1차,8,19,59.8302,19
26,800,정관이진캐스빌2차,8,19,59.9268,6
35,000,정관신도시롯데캐슬,8,19,101.74,2
45,500,정관신도시한진해모로,8,19,123.4835,5
48,500,정관신도시한진해모로,8,19,135.6199,5
31,700,정관동일스위트1차,8,19,84.8734,4
30,500,정관동일스위트1차,8,22,84.8734,1
48,200,정관신도시한진해모로,8,22,123.4835,9
42,000,정관신도시한진해모로,8,22,122.9131,2
49,000,정관신도시한진해모로,8,22,135.6199,9
33,000,정관이진캐스빌2차,8,25,84.9026,7
39,500,정관신동아파밀리에,8,26,107.83,6
21,800,정관양우내안愛,8,30,59.9527,14
21,000,정관양우내안愛,8,31,59.9527,5
32,000,정관동일스위트1차,8,31,84.9899,17
52,000,e편한세상일광,8,1,84.9868,26
48,000,일광대성베르힐,8,7,84.5535,6
47,000,e편한세상일광,8,7,74.9791,6
53,000,일광자이푸르지오2단지,8,11,84.9677,10
73,000,일광신도시비스타동원1차,8,11,104.2061,11
46,000,일광대성베르힐,8,14,84.5535,7
52,000,일광자이푸르지오1단지,8,14,84.9062,5
31,000,이지더원1차오션포레,8,16,59.6231,2
48,750,일광자이푸르지오1단지,8,18,75.5544,18
47,500,일광대성베르힐,8,19,84.5535,18
49,500,일광자이푸르지오1단지,8,22,75.5544,9
49,500,일광자이푸르지오1단지,8,22,75.5544,9
31,700,이지더원1차오션포레,8,23,59.6231,11
47,000,e편한세상일광,8,24,74.9729,15
48,900,e편한세상일광,8,24,74.9729,27
34,500,이지더원1차오션포레,8,25,59.6231,22
34,500,이지더원1차오션포레,8,25,59.6231,22
47,500,e편한세상일광,8,26,74.9791,17
57,500,일광자이푸르지오2단지,8,29,84.9718,22
35,000,이지더원1차오션포레,8,30,59.6181,7
34,500,이지더원1차오션포레,8,31,59.6231,14
30,000,가화일광타워,8,12,59.8905,22
30,000,가화일광타워,8,12,59.8905,22
63,500,일광신도시비스타동원2차,8,17,96.1765,23
33,400,가화일광타워,8,21,59.8654,32
26,300,가화일광타워,8,22,59.8905,9
28,000,가화일광타워,8,29,59.8654,28
61,750,일광신도시비스타동원2차,8,29,96.1765,17
14,800,서린에코빌아파트,9,2,62.595,5
12,000,리츠빌,9,5,84.94,5
16,500,한신,9,7,59.85,6
6,000,동호그린빌라,9,8,50.54,5
13,800,원재아트빌,9,6,84.84,4
36,800,이진캐스빌블루2차,9,9,82.0761,15
19,200,부전타워,9,11,83.61,11
10,300,전원그린맨션B동,9,18,59.97,4
29,800,기장유림노르웨이숲,9,19,69.7411,5
45,000,이진캐스빌블루2차,9,19,82.0761,19
20,400,가화만사성,9,23,59.9869,10
22,900,기장유림노르웨이숲,9,25,53.0447,12
39,500,이진캐스빌블루1차,9,26,84.922,3
14,800,서부주공,9,11,46.2,8
23,500,서부주공,9,21,59.83,9
11,000,부강빌라가동,9,8,74.54,2
13,800,가화랜드빌5차,9,8,53.3253,5
9,000,수신,9,11,60.46,1
21,700,기장에코하임6차,9,13,72.7963,6
14,000,대라주공,9,15,39.72,1
21,000,동부산렉슬,9,18,76.32,14
13,000,황중베르빌,9,18,84.28,2
16,000,청강주공,9,2,42.48,3
24,500,우신네오빌,9,3,84.9888,15
14,600,청강주공,9,9,39.69,4
21,320,현대,9,19,59.95,4
43,000,동부산관광단지삼정그린코아더베스트,9,3,79.9755,4
36,000,동부산동원로얄듀크,9,9,84.74,7
49,000,동부산관광단지삼정그린코아더베스트,9,11,79.9755,7
43,000,동부산관광단지삼정그린코아더베스트,9,13,84.9887,13
47,000,동부산관광단지삼정그린코아더베스트,9,18,84.9887,5
47,000,동부산관광단지삼정그린코아더베스트,9,18,84.9887,5
19,000,가화만사성정관타운,9,5,59.9437,9
23,300,부산정관지구이지더원5차아파트,9,5,68.414,13
26,800,정관가화만사성더테라스1차,9,9,60.1758,3
28,700,정관2차동원로얄듀크,9,2,59.997,19
39,500,정관2차동원로얄듀크,9,23,84.9993,19
27,500,정관2차동원로얄듀크,9,25,59.997,15
36,800,정관2차동원로얄듀크,9,27,84.9993,8
19,800,정관센트럴파크,9,9,59.83,3
30,000,정관1차동원로얄듀크,9,9,79.6089,16
32,000,정관1차동원로얄듀크,9,9,79.6089,19
20,100,정관센트럴파크,9,11,59.81,6
21,500,정관1차동원로얄듀크,9,12,59.997,19
22,800,정관1차동원로얄듀크,9,13,59.997,19
24,000,정관1차동원로얄듀크,9,16,59.997,12
22,800,정관1차동원로얄듀크,9,26,59.997,15
23,200,동일스위트3차,9,1,65.9876,9
32,000,정관현진에버빌,9,2,84.981,9
18,600,이지더원,9,2,59.8832,7
26,500,동일스위트3차,9,2,75.5781,10
19,400,이지더원,9,2,59.8832,10
28,500,정관동일스위트2차,9,4,84.9882,9
28,500,정관동일스위트2차,9,4,84.9882,9
32,500,정관현진에버빌,9,4,84.981,14
32,000,이지더원3차,9,6,84.97,17
31,500,정관현진에버빌,9,6,84.981,4
24,000,이지더원3차,9,8,74.1653,7
23,500,동일스위트3차,9,9,65.9876,13
28,500,이지더원2차,9,9,84.9644,13
22,900,동일스위트3차,9,9,65.9876,6
25,000,이지더원3차,9,10,65.6536,3
20,700,정관동일스위트2차,9,11,59.9337,11
22,900,동일스위트3차,9,11,65.9876,7
34,500,정관현진에버빌,9,12,116.024,5
34,500,정관현진에버빌,9,12,116.024,5
35,000,동일스위트3차,9,12,100.7622,3
19,500,이지더원,9,12,59.8832,17
19,900,정관동일스위트2차,9,13,59.9856,14
25,000,이지더원,9,14,84.7808,6
36,800,동일스위트3차,9,16,100.7622,11
37,200,정관롯데캐슬2차,9,16,101.8124,12
35,000,정관롯데캐슬2차,9,18,101.8124,10
22,500,이지더원2차,9,19,59.9984,16
30,200,이지더원3차,9,19,84.97,5
29,500,동일스위트3차,9,19,84.9174,14
36,500,정관롯데캐슬2차,9,22,101.5883,4
26,300,정관동일스위트2차,9,23,78.5355,17
47,200,정관롯데캐슬2차,9,26,127.2641,9
34,800,정관롯데캐슬2차,9,26,101.5883,6
30,000,동일스위트3차,9,27,84.9174,9
41,750,이진캐스빌,9,2,84.9821,12
32,700,정관동일스위트1차,9,2,84.9971,9
29,500,정관동일스위트1차,9,2,84.9971,15
28,500,정관신도시롯데캐슬,9,4,84.85,10
42,500,이진캐스빌,9,5,84.9281,4
28,500,정관동일스위트1차,9,6,84.8734,20
50,000,정관협성르네상스타운,9,6,116.8112,13
28,000,정관신도시롯데캐슬,9,11,84.85,1
42,000,이진캐스빌,9,12,84.9281,9
19,300,정관양우내안愛,9,13,59.8986,1
49,000,정관신도시계룡리슈빌,9,13,112.6636,13
21,000,정관양우내안愛,9,16,59.8986,12
24,000,정관동일스위트1차,9,17,59.6502,8
39,000,정관신도시롯데캐슬,9,18,123.35,7
44,000,이진캐스빌,9,23,84.9281,13
21,800,정관양우내안愛,9,23,59.9527,10
36,000,정관이진캐스빌2차,9,23,84.9026,10
37,500,일광한신더휴센트럴포레1단지,9,3,59.8167,9
25,900,선우,9,5,80.79,12
52,500,e편한세상일광,9,7,84.9868,16
52,500,e편한세상일광,9,7,84.9868,16
56,000,일광자이푸르지오1단지,9,9,84.9849,14
46,000,e편한세상일광,9,13,74.9729,11
54,000,일광자이푸르지오2단지,9,15,84.9062,7
52,000,일광자이푸르지오2단지,9,16,75.5544,19
78,500,일광신도시비스타동원1차,9,16,104.2061,30
53,000,e편한세상일광,9,16,84.9868,18
63,500,일광신도시비스타동원1차,9,17,96.1765,25
45,700,일광대성베르힐,9,17,84.5535,5
55,000,일광한신더휴센트럴포레1단지,9,18,84.9371,23
45,400,일광대성베르힐,9,18,84.5535,14
45,000,일광대성베르힐,9,20,84.3874,18
36,100,이지더원1차오션포레,9,22,59.6231,11
47,000,e편한세상일광,9,23,74.9791,8
48,500,e편한세상일광,9,25,74.9791,25
55,000,e편한세상일광,9,25,84.9868,12
31,500,이지더원1차오션포레,9,25,59.6231,5
33,800,이지더원1차오션포레,9,26,59.6231,9
29,800,가화일광타워,9,2,59.8654,24
28,200,가화일광타워,9,11,59.8654,19
15,000,동부산쏠마레,9,13,49.5896,1
28,000,가화일광타워,9,14,59.8905,21
58,000,일광신도시비스타동원2차,9,15,96.1765,4
29,000,가화일광타워,9,18,59.8654,26
27,000,가화일광타워,9,26,59.8654,14
80,800,일광신도시비스타동원2차,9,27,104.206,16
